father_fos;–ü–æ–∫–ª–æ–Ω—è–µ—Ç—Å—è –û—Ç—Ü—É;x
father_fos_desc;–≠—Ç[_–æ—Ç] [__–ø–µ—Ä—Å–æ–Ω–∞–∂] –Ω–∞–ø—Ä–∞–≤–ª—è–µ—Ç –±–æ–ª—å—à–∏–Ω—Å—Ç–≤–æ —Å–≤–æ–∏—Ö –º–æ–ª–∏—Ç–≤ –û—Ç—Ü—É, –≤–æ–ø–ª–æ—â–µ–Ω–∏—é –ø—Ä–∞–≤–æ—Å—É–¥–∏—è –∏ —Å–ø—Ä–∞–≤–µ–¥–ª–∏–≤–æ–≥–æ –ø—Ä–∞–≤–ª–µ–Ω–∏—è;x
mother_fos;–ü–æ–∫–ª–æ–Ω—è–µ—Ç—Å—è –ú–∞—Ç–µ—Ä–∏;x
mother_fos_desc;–≠—Ç[_–æ—Ç] [__–ø–µ—Ä—Å–æ–Ω–∞–∂] –Ω–∞–ø—Ä–∞–≤–ª—è–µ—Ç –±–æ–ª—å—à–∏–Ω—Å—Ç–≤–æ —Å–≤–æ–∏—Ö –º–æ–ª–∏—Ç–≤ –ú–∞—Ç–µ—Ä–∏, –≤–æ–ø–ª–æ—â–µ–Ω–∏—é –º–∞—Ç–µ—Ä–∏–Ω—Å—Ç–≤–∞, –º–∏–ª–æ—Å–µ—Ä–¥–∏—è –∏ –ø–ª–æ–¥–æ—Ä–æ–¥–∏—è;x
warrior_fos;–ü–æ–∫–ª–æ–Ω—è–µ—Ç—Å—è –í–æ–∏–Ω—É;x
warrior_fos_desc;–≠—Ç[_–æ—Ç] [__–ø–µ—Ä—Å–æ–Ω–∞–∂] –Ω–∞–ø—Ä–∞–≤–ª—è–µ—Ç –±–æ–ª—å—à–∏–Ω—Å—Ç–≤–æ —Å–≤–æ–∏—Ö –º–æ–ª–∏—Ç–≤ –í–æ–∏–Ω—É, –≤–æ–ø–ª–æ—â–µ–Ω–∏—é –≤–æ–∏–Ω—Å–∫–æ–π –¥–æ–±–ª–µ—Å—Ç–∏, —Ö—Ä–∞–±—Ä–æ—Å—Ç–∏ –∏ —Ç–≤–µ—Ä–¥–æ—Å—Ç–∏;x
crone_fos;–ü–æ–∫–ª–æ–Ω—è–µ—Ç—Å—è –°—Ç–∞—Ä–∏—Ü–µ;x
crone_fos_desc;–≠—Ç[_–æ—Ç] [__–ø–µ—Ä—Å–æ–Ω–∞–∂] –Ω–∞–ø—Ä–∞–≤–ª—è–µ—Ç –±–æ–ª—å—à–∏–Ω—Å—Ç–≤–æ —Å–≤–æ–∏—Ö –º–æ–ª–∏—Ç–≤ –°—Ç–∞—Ä–∏—Ü–µ, –≤–æ–ø–ª–æ—â–µ–Ω–∏—é –º—É–¥—Ä–æ—Å—Ç–∏ –∏ –Ω–∞—Å—Ç–∞–≤–ª–µ–Ω–∏—è;x
smith_fos;–ü–æ–∫–ª–æ–Ω—è–µ—Ç—Å—è –ö—É–∑–Ω–µ—Ü—É;x
smith_fos_desc;–≠—Ç[_–æ—Ç] [__–ø–µ—Ä—Å–æ–Ω–∞–∂] –Ω–∞–ø—Ä–∞–≤–ª—è–µ—Ç –±–æ–ª—å—à–∏–Ω—Å—Ç–≤–æ —Å–≤–æ–∏—Ö –º–æ–ª–∏—Ç–≤ –ö—É–∑–Ω–µ—Ü—É, –≤–æ–ø–ª–æ—â–µ–Ω–∏—é —Ä–∞–±–æ—Ç—ã, —Ä–µ–º–µ—Å–µ–ª –∏ —Ç—Ä—É–¥–æ–ª—é–±–∏—è;x
maiden_fos;–ü–æ–∫–ª–æ–Ω—è–µ—Ç—Å—è –î–µ–≤–µ;x
maiden_fos_desc;–≠—Ç[_–æ—Ç] [__–ø–µ—Ä—Å–æ–Ω–∞–∂] –Ω–∞–ø—Ä–∞–≤–ª—è–µ—Ç –±–æ–ª—å—à–∏–Ω—Å—Ç–≤–æ —Å–≤–æ–∏—Ö –º–æ–ª–∏—Ç–≤ –î–µ–≤–µ, –≤–æ–ø–ª–æ—â–µ–Ω–∏—é –Ω–µ–≤–∏–Ω–Ω–æ—Å—Ç–∏ –∏ —Ü–µ–ª–æ–º—É–¥—Ä–∏—è;x
stranger_fos;–ü–æ–∫–ª–æ–Ω—è–µ—Ç—Å—è –ù–µ–≤–µ–¥–æ–º–æ–º—É;x
stranger_fos_desc;–≠—Ç[_–æ—Ç] [__–ø–µ—Ä—Å–æ–Ω–∞–∂] –Ω–∞–ø—Ä–∞–≤–ª—è–µ—Ç –±–æ–ª—å—à–∏–Ω—Å—Ç–≤–æ —Å–≤–æ–∏—Ö –º–æ–ª–∏—Ç–≤ –ù–µ–≤–µ–¥–æ–º–æ–º—É, —Ç–µ–º–Ω–æ–º—É –≤–æ–ø–ª–æ—â–µ–Ω–∏—é —Å–º–µ—Ä—Ç–∏ –∏ –Ω–µ–∏–∑–≤–µ—Å—Ç–Ω–æ–≥–æ, –∫–æ—Ç–æ—Ä—ã–π –ø—Ä–æ–≤–æ–∂–∞–µ—Ç –¥—É—à–∏ —É–º–µ—Ä—à–∏—Ö –≤ –∏–Ω–æ–π –º–∏—Ä;x

emperor_yiti;–ü—Ä–µ–¥–∞–Ω–Ω[GetAyaYy] –ò–º–ø–µ—Ä–∞—Ç–æ—Ä–∞–º;x
emperor_yiti_desc;–≠—Ç[_–æ—Ç] [__–ø–µ—Ä—Å–æ–Ω–∞–∂] –Ω–∞–ø—Ä–∞–≤–ª—è–µ—Ç –±–æ–ª—å—à–∏–Ω—Å—Ç–≤–æ —Å–≤–æ–∏—Ö –º–æ–ª–∏—Ç–≤ –¥—É—Ö–∞–º –±–æ–∂–µ—Å—Ç–≤–µ–Ω–Ω—ã—Ö –∏–º–ø–µ—Ä–∞—Ç–æ—Ä–æ–≤ –ò-–¢–∏, –Ω–∞—Å–ª–µ–¥–Ω–∏–∫–∞–º –ë–æ–≥–∞-–Ω–∞-–ó–µ–º–ª–µ, –∫–æ—Ç–æ—Ä—ã–º –¥–æ–∑–≤–æ–ª—è–µ—Ç—Å—è –Ω–æ—Å–∏—Ç—å —Ç—Ä–∞–¥–∏—Ü–∏–æ–Ω–Ω—ã–µ –æ–¥–µ–∂–¥—ã –∏–∑ –∑–æ–ª–æ—Ç–æ–π —Ç–∫–∞–Ω–∏, –∑–µ–ª–µ–Ω–æ–≥–æ –∂–µ–º—á—É–≥–∞, –∏ –Ω–µ—Ñ—Ä–∏—Ç–∞. –ë–æ–∂–µ—Å—Ç–≤–µ–Ω–Ω—ã–µ –¥—É—Ö–∏ –∏–º–ø–µ—Ä–∞—Ç–æ—Ä–æ–≤, –∫–∞–∫ –≥–æ–≤–æ—Ä—è—Ç, –¥–∞—Ä—É—é—Ç –ª—é–¥—è–º —É—Å–µ—Ä–¥–∏–µ –∏ —Å–ø—Ä–∞–≤–µ–¥–ª–∏–≤—ã—Ö –ø—Ä–∞–≤–∏—Ç–µ–ª–µ–π;x
lionofnight_yiti;–ü—Ä–µ–¥–∞–Ω–Ω—ã–π –õ—å–≤—É –ù–æ—á–∏;x
lionofnight_yiti_desc;–≠—Ç[_–æ—Ç] [__–ø–µ—Ä—Å–æ–Ω–∞–∂] –Ω–∞–ø—Ä–∞–≤–ª—è–µ—Ç –±–æ–ª—å—à–∏–Ω—Å—Ç–≤–æ —Å–≤–æ–∏—Ö –º–æ–ª–∏—Ç–≤ –õ—å–≤—É –ù–æ—á–∏, –æ—Ç—Ü—É –ë–æ–≥–∞-–Ω–∞-–ó–µ–º–ª–µ, –±–æ–≥—É —Å–º–µ—Ä—Ç–∏ –∏ –±–æ–∂–µ—Å—Ç–≤–µ–Ω–Ω–æ–π –∫–∞—Ä—ã;x
maidenmadeoflight_yiti;–ü—Ä–µ–¥–∞–Ω–Ω—ã–π –î–µ–≤–µ-–∏–∑-–°–≤–µ—Ç–∞;x
maidenmadeoflight_yiti_desc;–≠—Ç[_–æ—Ç] [__–ø–µ—Ä—Å–æ–Ω–∞–∂] –Ω–∞–ø—Ä–∞–≤–ª—è–µ—Ç –±–æ–ª—å—à–∏–Ω—Å—Ç–≤–æ —Å–≤–æ–∏—Ö –º–æ–ª–∏—Ç–≤ –î–µ–≤–µ-–∏–∑-–°–≤–µ—Ç–∞, –±–æ–≥–∏–Ω–µ —Å–æ–ª–Ω—Ü–∞, –∏ –º–∞—Ç–µ—Ä–∏ –ë–æ–≥–∞-–Ω–∞-–ó–µ–º–ª–µ, –∫–æ—Ç–æ—Ä–∞—è –æ—Ç–≤–µ—Ä–Ω—É–ª–∞ —Å–≤–æ–µ –ª–∏—Ü–æ –æ—Ç –º–∏—Ä–∞ –ø–æ—Å–ª–µ –ü—Ä–µ–¥–∞—Ç–µ–ª—å—Å—Ç–≤–∞ –ö—Ä–æ–≤–∏ –∏ –≤–≤–µ—Ä–∂–µ–Ω–∏—è –º–∏—Ä–∞ –≤ –î–ª–∏–Ω–Ω—É—é –ù–æ—á—å, –∫–æ—Ç–æ—Ä–∞—è –∑–∞–∫–æ–Ω—á–∏–ª–∞—Å—å —Ç–æ–ª—å–∫–æ –∫–æ–≥–¥–∞ –æ–Ω–∞ –≤–µ—Ä–Ω—É–ª–∞—Å—å;x
monkeytailedwoman_yiti;–ü—Ä–µ–¥–∞–Ω–Ω—ã–π –ñ–µ–Ω—â–∏–Ω–µ —Å –æ–±–µ–∑—å—è–Ω—å–∏–º —Ö–≤–æ—Å—Ç–æ–º;x
monkeytailedwoman_yiti_desc;–≠—Ç[_–æ—Ç] [__–ø–µ—Ä—Å–æ–Ω–∞–∂] –Ω–∞–ø—Ä–∞–≤–ª—è–µ—Ç –±–æ–ª—å—à–∏–Ω—Å—Ç–≤–æ —Å–≤–æ–∏—Ö –º–æ–ª–∏—Ç–≤ –ñ–µ–Ω—â–∏–Ω–µ —Å –æ–±–µ–∑—å—è–Ω—å–∏–º —Ö–≤–æ—Å—Ç–æ–º, –∫–æ—Ç–æ—Ä–∞—è –±–ª–∞–≥–æ–¥–∞—Ä—è —Å–≤–æ–∏–º –ø–æ–¥–≤–∏–≥–∞–º —É–±–µ–¥–∏–ª–∞ –î–µ–≤—É-–∏–∑-–°–≤–µ—Ç–∞ –≤–µ—Ä–Ω—É—Ç—å —Å–≤–µ—Ç –≤ –º–∏—Ä, –∏ –ø—Ä–µ–¥–æ—Ç–≤—Ä–∞—Ç–∏–ª–∞ —Ç—Ä–∞–≥–µ–¥–∏—é –î–ª–∏–Ω–Ω–æ–π –ù–æ—á–∏;x

eunuch_emperor_yiti;–ò–º–ø–µ—Ä–∞—Ç–æ—Ä-–ï–≤–Ω—É—Ö;x
eunuch_emperor_yiti_desc;–ü–æ –≤–æ—Å—à–µ—Å—Ç–≤–∏–∏ –Ω–∞ —Ç—Ä–æ–Ω –ò-–¢–∏ —ç—Ç[_–æ—Ç] [__–ø–µ—Ä—Å–æ–Ω–∞–∂] —Ä–µ—à–∏–ª –æ—Ç–∫–∞–∑–∞—Ç—å—Å—è –æ—Ç —Å–≤–æ–µ–≥–æ –º—É–∂—Å–∫–æ–≥–æ –µ—Å—Ç–µ—Å—Ç–≤–∞, –∫–æ—Ä–Ω—è –∏ —Å—Ç–≤–æ–ª–∞, —á—Ç–æ–±—ã –±–µ–∑ –æ—Å—Ç–∞—Ç–∫–∞ –ø–æ—Å–≤—è—Ç–∏—Ç—å —Å–µ–±—è —Å–ª—É–∂–µ–Ω–∏—é –∏–º–ø–µ—Ä–∏–∏;x
not_eunuch_emperor_yiti;–õ–æ–∂–Ω—ã–π –ò–º–ø–µ—Ä–∞—Ç–æ—Ä-–ï–≤–Ω—É—Ö;x
not_eunuch_emperor_yiti_desc;–ü–æ –≤–æ—Å—à–µ—Å—Ç–≤–∏–∏ –Ω–∞ —Ç—Ä–æ–Ω –ò-–¢–∏ —ç—Ç[_–æ—Ç] [__–ø–µ—Ä—Å–æ–Ω–∞–∂] —Ä–µ—à–∏–ª –Ω–µ –æ—Ç–∫–∞–∑—ã–≤–∞—Ç—å—Å—è –æ—Ç —Å–≤–æ–µ–≥–æ –º—É–∂—Å–∫–æ–≥–æ –µ—Å—Ç–µ—Å—Ç–≤–∞, –Ω–∞–ø–µ—Ä–µ–∫–æ—Ä —Ç—Ä–∞–¥–∏—Ü–∏—è–º —Å–≤–æ–µ–π –¥–∏–Ω–∞—Å—Ç–∏–∏. –ú–Ω–æ–≥–∏–µ —Å—á–∏—Ç–∞—é—Ç —ç—Ç–æ —Ç—è–∂–∫–∏–º –æ—Å–∫–æ—Ä–±–ª–µ–Ω–∏–µ–º –µ–≥–æ –ø—Ä–µ–¥–∫–æ–≤ –∏ –ë–æ–≥–æ–≤, –∏ –º–æ–≥—É—Ç –ø–æ–ø—ã—Ç–∞—Ç—å—Å—è –∑–∞—Å—Ç–∞–≤–∏—Ç—å –µ–≥–æ —Å–æ–±–ª—é—Å—Ç–∏ —Å–≤—è—â–µ–Ω–Ω—É—é –∫–ª—è—Ç–≤—É –ø—Ä–µ–¥–∫–∞;x
god_emperor_yiti;–ñ–∏–≤–æ–π –ë–æ–≥-–ò–º–ø–µ—Ä–∞—Ç–æ—Ä;x
god_emperor_yiti_desc;–í—Å–µ –∏–º–ø–µ—Ä–∞—Ç–æ—Ä—ã –ó–æ–ª–æ—Ç–æ–π –ò–º–ø–µ—Ä–∏–∏ –ò-–¢–∏ –∏–º–µ—é—Ç –±–æ–∂–µ—Å—Ç–≤–µ–Ω–Ω–æ–µ –Ω–∞—á–∞–ª–æ –∫–∞–∫ –Ω–∞—Å–ª–µ–¥–Ω–∏–∫–∏ –ë–æ–≥–∞-–Ω–∞-–ó–µ–º–ª–µ, —Å—ã–Ω–∞ –õ—å–≤–∞ –ù–æ—á–∏ –∏ –î–µ–≤—ã-–∏–∑-–°–≤–µ—Ç–∞. –≠—Ç[_–æ—Ç] [__–ø–µ—Ä—Å–æ–Ω–∞–∂] –æ—Å–æ–±—ã–º –æ–±—Ä–∞–∑–æ–º –ø—Ä–∏–Ω—è–ª[GetEndA] —Å–≤–æ–π –¥–æ–ª–≥ –∂–∏–≤–æ–≥–æ –±–æ–≥–∞ –∏ —á–∞—Å—Ç–æ –≤–µ–¥–µ—Ç —Ü–µ—Ä–µ–º–æ–Ω–∏–∏, –Ω–∞–ø–æ–º–∏–Ω–∞—è –æ —Å–≤–æ–µ–π –±–æ–∂–µ—Å—Ç–≤–µ–Ω–Ω–æ—Å—Ç–∏;x


bureaucrat_yiti;–ò–º–ø–µ—Ä—Å–∫–∏–π –±—é—Ä–æ–∫—Ä–∞—Ç;x
bureaucrat_yiti_desc;–≠—Ç[_–æ—Ç] [__–ø–µ—Ä—Å–æ–Ω–∞–∂] –ø—Ä–æ—è–≤–∏–ª —Å–µ–±—è –≤ —Ç—è–∂–µ–ª—ã—Ö –∏–º–ø–µ—Ä—Å–∫–∏—Ö —ç–∫–∑–∞–º–µ–Ω–∞—Ö –ó–æ–ª–æ—Ç–æ–π –ò–º–ø–µ—Ä–∏–∏ –ò-–¢–∏. –ï–≥–æ/–µ–µ –æ–±—Ä–∞–∑–æ–≤–∞–Ω–Ω–æ—Å—Ç—å –Ω–µ –≤—ã–∑—ã–≤–∞–µ—Ç —Å–æ–º–Ω–µ–Ω–∏–π, –æ–¥–Ω–∞–∫–æ –∑–Ω–∞—Ç—å –æ—Ç–≤–µ—Ä–≥–∞–µ—Ç –±—é—Ä–æ–∫—Ä–∞—Ç–æ–≤ –∫–∞–∫ –∑–∞—Ä–≤–∞–≤—à–∏—Ö—Å—è –≤—ã—Å–∫–æ—á–µ–∫;x

former_kingsguard;–ë—ã–≤—à–∏–π –ö–æ—Ä–æ–ª–µ–≤—Å–∫–∏–π –≥–≤–∞—Ä–¥–µ–µ—Ü;x
former_kingsguard_desc;–ü–æ —Ç—Ä–∞–¥–∏—Ü–∏–∏ —Ä—ã—Ü–∞—Ä—å –ö–æ—Ä–æ–ª–µ–≤—Å–∫–æ–π –≥–≤–∞—Ä–¥–∏–∏ —Å–ª—É–∂–∏—Ç –ø–æ–∂–∏–∑–Ω–µ–Ω–Ω–æ. –û–¥–Ω–∞–∫–æ, —ç—Ç–æ—Ç —Ä—ã—Ü–∞—Ä—å –±–æ–ª—å—à–µ –Ω–µ –Ω–æ—Å–∏—Ç –±–µ–ª—ã–π –ø–ª–∞—â, –≤–æ–ø—Ä–µ–∫–∏ —Ç—Ä–∞–¥–∏—Ü–∏–∏;x

pantera_lys;–ü–æ–∫–ª–æ–Ω—è–µ—Ç—Å—è –ü–∞–Ω—Ç–µ—Ä–µ;x
pantera_lys_desc;–≠—Ç[_–æ—Ç] [__–ø–µ—Ä—Å–æ–Ω–∞–∂] –Ω–∞–ø—Ä–∞–≤–ª—è–µ—Ç –±–æ–ª—å—à–∏–Ω—Å—Ç–≤–æ —Å–≤–æ–∏—Ö –º–æ–ª–∏—Ç–≤ –ü–∞–Ω—Ç–µ—Ä–µ, –ª–∏—Å–µ–Ω–∏–π—Å–∫–∞—è –±–æ–≥–∏–Ω—è –∏–∑–æ–±—Ä–∞–∂–∞–µ–º–∞—è –∫–∞–∫ –∫–æ—à–∫–∞ —Å —à–µ—Å—Ç—å—é –≥—Ä—É–¥—è–º–∏. –ï—ë –ø—Ä–∏–≤–µ—Ä–∂–µ–Ω—Ü—ã —Å—á–∏—Ç–∞—é—Ç –∫–æ—à–µ–∫ —Å–≤—è—â–µ–Ω–Ω—ã–º–∏;x
saagael_lys;–ü–æ–∫–ª–æ–Ω—è–µ—Ç—Å—è –°–∞–∞–≥–µ–π–ª—É;x
saagael_lys_desc;–≠—Ç[_–æ—Ç] [__–ø–µ—Ä—Å–æ–Ω–∞–∂] –Ω–∞–ø—Ä–∞–≤–ª—è–µ—Ç –±–æ–ª—å—à–∏–Ω—Å—Ç–≤–æ —Å–≤–æ–∏—Ö –º–æ–ª–∏—Ç–≤ –ë–µ–∑–ª–∏–∫–æ–º—É –°–∞–∞–≥–µ–π–ª—É, –∂–∞–∂–¥—É—â–∏–π –∫—Ä–æ–≤–∏ –∏ –ø–æ—Å—ã–ª–∞—é—â–∏–π –±–æ–ª—å. –ï–≥–æ –ø–æ—Å–ª–µ–¥–æ–≤–∞—Ç–µ–ª–∏ –∏–∑–≤–µ—Å—Ç–Ω—ã —Å–≤–æ–µ–π –∂–µ—Å—Ç–æ–∫–æ—Å—Ç—å—é;x
trade_lys;–ü–æ–∫–ª–æ–Ω—è–µ—Ç—Å—è –¢–æ—Ä–≥–æ–≤–ª–µ;x
trade_lys_desc;–≠—Ç[_–æ—Ç] [__–ø–µ—Ä—Å–æ–Ω–∞–∂] –Ω–∞–ø—Ä–∞–≤–ª—è–µ—Ç –±–æ–ª—å—à–∏–Ω—Å—Ç–≤–æ —Å–≤–æ–∏—Ö –º–æ–ª–∏—Ç–≤ –•—Ä–∞–º—É –¢–æ—Ä–≥–æ–≤–ª–∏, –ø–æ–∫–ª–æ–Ω–µ–Ω–∏–µ —Ç–æ—Ä–≥–æ–≤–ª–µ –≤—ã—à–µ –ª—é–±–æ–≥–æ –±–æ–∂–µ—Å—Ç–≤–∞;x
weeping_lady_lys;–ü–æ–∫–ª–æ–Ω—è–µ—Ç—Å—è –ü–ª–∞—á—É—â–µ–π –ì–æ—Å–ø–æ–∂–µ;x
weeping_lady_lys_desc;–≠—Ç[_–æ—Ç] [__–ø–µ—Ä—Å–æ–Ω–∞–∂] –Ω–∞–ø—Ä–∞–≤–ª—è–µ—Ç –±–æ–ª—å—à–∏–Ω—Å—Ç–≤–æ —Å–≤–æ–∏—Ö –º–æ–ª–∏—Ç–≤ –ü–ª–∞—á—É—â–µ–π –ì–æ—Å–ø–æ–∂–µ, –ª–∏—Å–µ–Ω–∏–π—Å–∫–æ–π –±–æ–≥–∏–Ω–µ –º–∞—Ç–µ—Ä–∏–Ω—Å—Ç–≤–∞ –∏ –ª—é–±–≤–∏;x
yndros_lys;–ü–æ–∫–ª–æ–Ω—è–µ—Ç—Å—è –ò–Ω–¥—Ä–æ—Å—É;x
yndros_lys_desc;–≠—Ç[_–æ—Ç] [__–ø–µ—Ä—Å–æ–Ω–∞–∂] –Ω–∞–ø—Ä–∞–≤–ª—è–µ—Ç –±–æ–ª—å—à–∏–Ω—Å—Ç–≤–æ —Å–≤–æ–∏—Ö –º–æ–ª–∏—Ç–≤ –ò–Ω–¥—Ä–æ—Å—É –°—É–º–µ—Ä–µ—á–Ω–æ–º—É, –¥–≤—É–ø–æ–ª—ã–π –ª–∏—Å–µ–Ω–∏–π—Å–∫–∏–π –±–æ–≥ –ø–æ—Ö–æ—Ç–∏ –∏ –∂–µ–ª–∞–Ω–∏–π. –ò–Ω–¥—Ä–æ—Å —è–≤–ª—è–µ—Ç—Å—è –º—É–∂—á–∏–Ω–æ–π –¥–Ω–µ–º –∏ –∂–µ–Ω—â–∏–Ω–æ–π –Ω–æ—á—å—é;x
bakkalon_lys;–ü–æ–∫–ª–æ–Ω—è–µ—Ç—Å—è –ë–∞–∫–∫–∞–ª–æ–Ω—É;x
bakkalon_lys_desc;–≠—Ç[_–æ—Ç] [__–ø–µ—Ä—Å–æ–Ω–∞–∂] –Ω–∞–ø—Ä–∞–≤–ª—è–µ—Ç –±–æ–ª—å—à–∏–Ω—Å—Ç–≤–æ —Å–≤–æ–∏—Ö –º–æ–ª–∏—Ç–≤ –ë–∞–∫–∫–∞–ª–æ–Ω—É, –±–ª–µ–¥–Ω–æ–µ –¥–∏—Ç—è, —Ä–µ–±—ë–Ω–æ–∫-–±–æ–≥ —Å –º–µ—á–æ–º. –ì–æ–≤–æ—Ä—è—Ç –æ–Ω –ø–æ–º–æ–≥–∞–µ—Ç —Å–æ–ª–¥–∞—Ç–∞–º –≤ –±–æ—é;x

pattern_tyrosh;–ü–æ–∫–ª–æ–Ω—è–µ—Ç—Å—è –¢–≤–æ—Ä—Ü—É —É–∑–æ—Ä–æ–≤;x
pattern_tyrosh_desc;–≠—Ç[_–æ—Ç] [__–ø–µ—Ä—Å–æ–Ω–∞–∂] –Ω–∞–ø—Ä–∞–≤–ª—è–µ—Ç –±–æ–ª—å—à–∏–Ω—Å—Ç–≤–æ —Å–≤–æ–∏—Ö –º–æ–ª–∏—Ç–≤ –∫ –¢–≤–æ—Ä—Ü—É —É–∑–æ—Ä–æ–≤, –º–∏—Å—Ç–∏—á–µ—Å–∫–∏–π –±–æ–≥, –∫–æ—Ç–æ—Ä—ã–π, –∫–∞–∫ –≥–æ–≤–æ—Ä—è—Ç, –¥–∞—Ä—É–µ—Ç –º—É–¥—Ä–æ—Å—Ç—å —Ç–µ–º, –∫—Ç–æ –ø—Ä–æ–π–¥—ë—Ç –µ–≥–æ –ª–∞–±–∏—Ä–∏–Ω—Ç;x
merling_king_tyrosh;–ü–æ–∫–ª–æ–Ω—è–µ—Ç—Å—è –ü–æ–¥–≤–æ–¥–Ω–æ–º—É –ö–æ—Ä–æ–ª—é;x
merling_king_tyrosh_desc;–≠—Ç[_–æ—Ç] [__–ø–µ—Ä—Å–æ–Ω–∞–∂] –Ω–∞–ø—Ä–∞–≤–ª—è–µ—Ç –±–æ–ª—å—à–∏–Ω—Å—Ç–≤–æ —Å–≤–æ–∏—Ö –º–æ–ª–∏—Ç–≤ –ü–æ–¥–≤–æ–¥–Ω–æ–º—É –ö–æ—Ä–æ–ª—é, –±–æ–≥ –º–æ—Ä—è, –ø–æ–∫—Ä–æ–≤–∏—Ç–µ–ª—å—Å—Ç–≤—É—é—â–∏–π –º–æ—Ä—è–∫–∞–º –∏ —Ç–æ—Ä–≥–æ–≤—Ü–∞–º;x
trios_tyrosh;–ü–æ–∫–ª–æ–Ω—è–µ—Ç—Å—è –¢—Ä–∏–æ—Å—É;x
trios_tyrosh_desc;–≠—Ç[_–æ—Ç] [__–ø–µ—Ä—Å–æ–Ω–∞–∂] –Ω–∞–ø—Ä–∞–≤–ª—è–µ—Ç –±–æ–ª—å—à–∏–Ω—Å—Ç–≤–æ —Å–≤–æ–∏—Ö –º–æ–ª–∏—Ç–≤ –¢—Ä–∏–æ—Å—É, —Ç—Ä—ë—Ö–≥–æ–ª–æ–≤–æ–º—É –±–æ–≥—É –≤–æ–∑—Ä–æ–∂–¥–µ–Ω–∏—è;x
drunken_god_tyrosh;–ü–æ–∫–ª–æ–Ω—è–µ—Ç—Å—è –ü—å—è–Ω–æ–º—É –±–æ–≥—É;x
drunken_god_tyrosh_desc;–≠—Ç[_–æ—Ç] [__–ø–µ—Ä—Å–æ–Ω–∞–∂] –Ω–∞–ø—Ä–∞–≤–ª—è–µ—Ç –±–æ–ª—å—à–∏–Ω—Å—Ç–≤–æ —Å–≤–æ–∏—Ö –º–æ–ª–∏—Ç–≤ –ü—å—è–Ω–æ–º—É –±–æ–≥—É, –±–æ–≥ —Ä–∞–¥–æ—Å—Ç–∏ –∏ –≤–µ—Å–µ–ª—å—è;x

aquan_myr;–ü–æ–∫–ª–æ–Ω—è–µ—Ç—Å—è –ê–∫–≤–∞–Ω—É –ö—Ä–∞—Å–Ω–æ–º—É –±—ã–∫—É;x
aquan_myr_desc;–≠—Ç[_–æ—Ç] [__–ø–µ—Ä—Å–æ–Ω–∞–∂] –Ω–∞–ø—Ä–∞–≤–ª—è–µ—Ç –±–æ–ª—å—à–∏–Ω—Å—Ç–≤–æ —Å–≤–æ–∏—Ö –º–æ–ª–∏—Ç–≤ –ê–∫–≤–∞–Ω—É –ö—Ä–∞—Å–Ω–æ–º—É –±—ã–∫—É, –±—ã—á–∏–π –±–æ–≥ –∂–µ—Ä—Ç–≤–æ–ø—Ä–∏–Ω–æ—à–µ–Ω–∏–π;x
hooded_wayfarer_myr;–ü–æ–∫–ª–æ–Ω—è–µ—Ç—Å—è –ü—É—Ç–Ω–∏–∫—É –≤ –∫–∞–ø—é—à–æ–Ω–µ;x
hooded_wayfarer_myr_desc;–≠—Ç[_–æ—Ç] [__–ø–µ—Ä—Å–æ–Ω–∞–∂] –Ω–∞–ø—Ä–∞–≤–ª—è–µ—Ç –±–æ–ª—å—à–∏–Ω—Å—Ç–≤–æ —Å–≤–æ–∏—Ö –º–æ–ª–∏—Ç–≤ –ü—É—Ç–Ω–∏–∫—É –≤ –∫–∞–ø—é—à–æ–Ω–µ, –±–æ–≥—É —á—Ç–æ –±–ª–∞–≥–æ—Å–ª–∞–≤–ª—è–µ—Ç –Ω–∏—â–∏—Ö –∏ –Ω—É–∂–¥–∞—é—â–∏—Ö—Å—è;x
bakkalon_myr;–ü–æ–∫–ª–æ–Ω—è–µ—Ç—Å—è –ë–∞–∫–∫–∞–ª–æ–Ω—É;x
bakkalon_myr_desc;–≠—Ç[_–æ—Ç] [__–ø–µ—Ä—Å–æ–Ω–∞–∂] –Ω–∞–ø—Ä–∞–≤–ª—è–µ—Ç –±–æ–ª—å—à–∏–Ω—Å—Ç–≤–æ —Å–≤–æ–∏—Ö –º–æ–ª–∏—Ç–≤ –ë–∞–∫–∫–∞–ª–æ–Ω—É, –±–ª–µ–¥–Ω–æ–µ –¥–∏—Ç—è, —Ä–µ–±—ë–Ω–æ–∫-–±–æ–≥ —Å –º–µ—á–æ–º. –ì–æ–≤–æ—Ä—è—Ç –æ–Ω –ø–æ–º–æ–≥–∞–µ—Ç —Å–æ–ª–¥–∞—Ç–∞–º –≤ –±–æ—é;x
merling_king_myr;–ü–æ–∫–ª–æ–Ω—è–µ—Ç—Å—è –ü–æ–¥–≤–æ–¥–Ω–æ–º—É –ö–æ—Ä–æ–ª—é;x
merling_king_myr_desc;–≠—Ç[_–æ—Ç] [__–ø–µ—Ä—Å–æ–Ω–∞–∂] –Ω–∞–ø—Ä–∞–≤–ª—è–µ—Ç –±–æ–ª—å—à–∏–Ω—Å—Ç–≤–æ —Å–≤–æ–∏—Ö –º–æ–ª–∏—Ç–≤ –ü–æ–¥–≤–æ–¥–Ω–æ–º—É –ö–æ—Ä–æ–ª—é, –±–æ–≥ –º–æ—Ä—è, –ø–æ–∫—Ä–æ–≤–∏—Ç–µ–ª—å—Å—Ç–≤—É—é—â–∏–π –º–æ—Ä—è–∫–∞–º –∏ —Ç–æ—Ä–≥–æ–≤—Ü–∞–º;x
moonpale_maiden_myr;–ü–æ–∫–ª–æ–Ω—è–µ—Ç—Å—è –õ—É–Ω–æ–ª–∏–∫–æ–π –î–µ–≤–µ;x
moonpale_maiden_myr_desc;–≠—Ç[_–æ—Ç] [__–ø–µ—Ä—Å–æ–Ω–∞–∂] –Ω–∞–ø—Ä–∞–≤–ª—è–µ—Ç –±–æ–ª—å—à–∏–Ω—Å—Ç–≤–æ —Å–≤–æ–∏—Ö –º–æ–ª–∏—Ç–≤ –õ—É–Ω–æ–ª–∏–∫–æ–π –î–µ–≤–µ, –±–æ–≥–∏–Ω–µ —é–Ω–æ—Å—Ç–∏, –∫–∞–∫ –≥–æ–≤–æ—Ä—è—Ç, –Ω–∞–ø—Ä–∞–≤–ª—è–µ—Ç –º–æ—Ä—è–∫–æ–≤;x
moonmother_myr;–ü–æ–∫–ª–æ–Ω—è–µ—Ç—Å—è –õ—É–Ω–Ω–æ–π –ú–∞—Ç–µ—Ä–∏;x
moonmother_myr_desc;–≠—Ç[_–æ—Ç] [__–ø–µ—Ä—Å–æ–Ω–∞–∂] –Ω–∞–ø—Ä–∞–≤–ª—è–µ—Ç –±–æ–ª—å—à–∏–Ω—Å—Ç–≤–æ —Å–≤–æ–∏—Ö –º–æ–ª–∏—Ç–≤ –õ—É–Ω–Ω–æ–π –ú–∞—Ç–µ—Ä–∏, –±–æ–≥–∏–Ω–µ –º–∞—Ç–µ—Ä–µ–π;x
lionofnight_myr;–ü–æ–∫–ª–æ–Ω—è–µ—Ç—Å—è –õ—å–≤—É –ù–æ—á–∏;x
lionofnight_myr_desc;–≠—Ç[_–æ—Ç] [__–ø–µ—Ä—Å–æ–Ω–∞–∂] –Ω–∞–ø—Ä–∞–≤–ª—è–µ—Ç –±–æ–ª—å—à–∏–Ω—Å—Ç–≤–æ —Å–≤–æ–∏—Ö –º–æ–ª–∏—Ç–≤ –õ—å–≤—É –ù–æ—á–∏, –æ—Ç–µ—Ü –ë–æ–≥–∞-–Ω–∞-–ó–µ–º–ª–µ, –±–æ–≥ —Å–º–µ—Ä—Ç–∏ –∏ —Ä–∞–∑—Ä—É—à–µ–Ω–∏–π;x
father_waters_myr;–ü–æ–∫–ª–æ–Ω—è–µ—Ç—Å—è –û—Ç—Ü—É –í–æ–¥;x
father_waters_myr_desc;–≠—Ç[_–æ—Ç] [__–ø–µ—Ä—Å–æ–Ω–∞–∂] –Ω–∞–ø—Ä–∞–≤–ª—è–µ—Ç –±–æ–ª—å—à–∏–Ω—Å—Ç–≤–æ —Å–≤–æ–∏—Ö –º–æ–ª–∏—Ç–≤ –û—Ç—Ü—É –í–æ–¥, –±–æ–≥—É –ø–ª–æ–¥–æ—Ä–æ–¥–∏—è, —Ä–µ–∫ –∏ –º–æ—Ä–µ–π;x

aquan_pentos;–ü–æ–∫–ª–æ–Ω—è–µ—Ç—Å—è –ê–∫–≤–∞–Ω—É –ö—Ä–∞—Å–Ω–æ–º—É –±—ã–∫—É;x
aquan_pentos_desc;–≠—Ç[_–æ—Ç] [__–ø–µ—Ä—Å–æ–Ω–∞–∂] –Ω–∞–ø—Ä–∞–≤–ª—è–µ—Ç –±–æ–ª—å—à–∏–Ω—Å—Ç–≤–æ —Å–≤–æ–∏—Ö –º–æ–ª–∏—Ç–≤ –ê–∫–≤–∞–Ω—É –ö—Ä–∞—Å–Ω–æ–º—É –±—ã–∫—É, –±—ã—á–∏–π –±–æ–≥ –∂–µ—Ä—Ç–≤–æ–ø—Ä–∏–Ω–æ—à–µ–Ω–∏–π;x
hooded_wayfarer_pentos;–ü–æ–∫–ª–æ–Ω—è–µ—Ç—Å—è –ü—É—Ç–Ω–∏–∫—É –≤ –∫–∞–ø—é—à–æ–Ω–µ;x
hooded_wayfarer_pentos_desc;–≠—Ç[_–æ—Ç] [__–ø–µ—Ä—Å–æ–Ω–∞–∂] –Ω–∞–ø—Ä–∞–≤–ª—è–µ—Ç –±–æ–ª—å—à–∏–Ω—Å—Ç–≤–æ —Å–≤–æ–∏—Ö –º–æ–ª–∏—Ç–≤ –ü—É—Ç–Ω–∏–∫—É –≤ –∫–∞–ø—é—à–æ–Ω–µ, –±–æ–≥—É —á—Ç–æ –±–ª–∞–≥–æ—Å–ª–∞–≤–ª—è–µ—Ç –Ω–∏—â–∏—Ö –∏ –Ω—É–∂–¥–∞—é—â–∏—Ö—Å—è;x
bakkalon_pentos;–ü–æ–∫–ª–æ–Ω—è–µ—Ç—Å—è –ë–∞–∫–∫–∞–ª–æ–Ω—É;x
bakkalon_pentos_desc;–≠—Ç[_–æ—Ç] [__–ø–µ—Ä—Å–æ–Ω–∞–∂] –Ω–∞–ø—Ä–∞–≤–ª—è–µ—Ç –±–æ–ª—å—à–∏–Ω—Å—Ç–≤–æ —Å–≤–æ–∏—Ö –º–æ–ª–∏—Ç–≤ –ë–∞–∫–∫–∞–ª–æ–Ω—É, –±–ª–µ–¥–Ω–æ–µ –¥–∏—Ç—è, —Ä–µ–±—ë–Ω–æ–∫-–±–æ–≥ —Å –º–µ—á–æ–º. –ì–æ–≤–æ—Ä—è—Ç –æ–Ω –ø–æ–º–æ–≥–∞–µ—Ç —Å–æ–ª–¥–∞—Ç–∞–º –≤ –±–æ—é;x
merling_king_pentos;–ü–æ–∫–ª–æ–Ω—è–µ—Ç—Å—è –ü–æ–¥–≤–æ–¥–Ω–æ–º—É –ö–æ—Ä–æ–ª—é;x
merling_king_pentos_desc;–≠—Ç[_–æ—Ç] [__–ø–µ—Ä—Å–æ–Ω–∞–∂] –Ω–∞–ø—Ä–∞–≤–ª—è–µ—Ç –±–æ–ª—å—à–∏–Ω—Å—Ç–≤–æ —Å–≤–æ–∏—Ö –º–æ–ª–∏—Ç–≤ –ü–æ–¥–≤–æ–¥–Ω–æ–º—É –ö–æ—Ä–æ–ª—é, –±–æ–≥ –º–æ—Ä—è, –ø–æ–∫—Ä–æ–≤–∏—Ç–µ–ª—å—Å—Ç–≤—É—é—â–∏–π –º–æ—Ä—è–∫–∞–º –∏ —Ç–æ—Ä–≥–æ–≤—Ü–∞–º;x
lionofnight_pentos;–ü–æ–∫–ª–æ–Ω—è–µ—Ç—Å—è –õ—å–≤—É –ù–æ—á–∏;x
lionofnight_pentos_desc;–≠—Ç[_–æ—Ç] [__–ø–µ—Ä—Å–æ–Ω–∞–∂] –Ω–∞–ø—Ä–∞–≤–ª—è–µ—Ç –±–æ–ª—å—à–∏–Ω—Å—Ç–≤–æ —Å–≤–æ–∏—Ö –º–æ–ª–∏—Ç–≤ –õ—å–≤—É –ù–æ—á–∏, –æ—Ç–µ—Ü –ë–æ–≥–∞-–Ω–∞-–ó–µ–º–ª–µ, –±–æ–≥ —Å–º–µ—Ä—Ç–∏ –∏ —Ä–∞–∑—Ä—É—à–µ–Ω–∏–π;x
household_idol_pentos;–ü–æ–∫–ª–æ–Ω—è–µ—Ç—Å—è –î–æ–º–∞—à–Ω–µ–º—É –∏–¥–æ–ª—É;x
household_idol_pentos_desc;–≠—Ç[_–æ—Ç] [__–ø–µ—Ä—Å–æ–Ω–∞–∂] –Ω–∞–ø—Ä–∞–≤–ª—è–µ—Ç –±–æ–ª—å—à–∏–Ω—Å—Ç–≤–æ —Å–≤–æ–∏—Ö –º–æ–ª–∏—Ç–≤ –º–∞–ª–æ–º—É –±–æ–≥—É, –ø—Ä–µ–¥—Å—Ç–∞–≤–ª—è—é—â–∏–π—Å—è –≤ –≤–∏–¥–µ –∫–∞–º–µ–Ω–Ω–æ–π –∏–ª–∏ –≥–ª–∏–Ω—è–Ω–æ–π —Å—Ç–∞—Ç—É–∏;x

aquan_braavos;–ü–æ–∫–ª–æ–Ω—è–µ—Ç—Å—è –ê–∫–≤–∞–Ω—É –ö—Ä–∞—Å–Ω–æ–º—É –±—ã–∫—É;x
aquan_braavos_desc;–≠—Ç[_–æ—Ç] [__–ø–µ—Ä—Å–æ–Ω–∞–∂] –Ω–∞–ø—Ä–∞–≤–ª—è–µ—Ç –±–æ–ª—å—à–∏–Ω—Å—Ç–≤–æ —Å–≤–æ–∏—Ö –º–æ–ª–∏—Ç–≤ –ê–∫–≤–∞–Ω—É –ö—Ä–∞—Å–Ω–æ–º—É –±—ã–∫—É, –±—ã—á–∏–π –±–æ–≥ –∂–µ—Ä—Ç–≤–æ–ø—Ä–∏–Ω–æ—à–µ–Ω–∏–π;x
hooded_wayfarer_braavos;–ü–æ–∫–ª–æ–Ω—è–µ—Ç—Å—è –ü—É—Ç–Ω–∏–∫—É –≤ –∫–∞–ø—é—à–æ–Ω–µ;x
hooded_wayfarer_braavos_desc;–≠—Ç[_–æ—Ç] [__–ø–µ—Ä—Å–æ–Ω–∞–∂] –Ω–∞–ø—Ä–∞–≤–ª—è–µ—Ç –±–æ–ª—å—à–∏–Ω—Å—Ç–≤–æ —Å–≤–æ–∏—Ö –º–æ–ª–∏—Ç–≤ –ü—É—Ç–Ω–∏–∫—É –≤ –∫–∞–ø—é—à–æ–Ω–µ, –±–æ–≥—É —á—Ç–æ –±–ª–∞–≥–æ—Å–ª–∞–≤–ª—è–µ—Ç –Ω–∏—â–∏—Ö –∏ –Ω—É–∂–¥–∞—é—â–∏—Ö—Å—è;x
merling_king_braavos;–ü–æ–∫–ª–æ–Ω—è–µ—Ç—Å—è –ü–æ–¥–≤–æ–¥–Ω–æ–º—É –ö–æ—Ä–æ–ª—é;x
merling_king_braavos_desc;–≠—Ç[_–æ—Ç] [__–ø–µ—Ä—Å–æ–Ω–∞–∂] –Ω–∞–ø—Ä–∞–≤–ª—è–µ—Ç –±–æ–ª—å—à–∏–Ω—Å—Ç–≤–æ —Å–≤–æ–∏—Ö –º–æ–ª–∏—Ç–≤ –ü–æ–¥–≤–æ–¥–Ω–æ–º—É –ö–æ—Ä–æ–ª—é, –±–æ–≥ –º–æ—Ä—è, –ø–æ–∫—Ä–æ–≤–∏—Ç–µ–ª—å—Å—Ç–≤—É—é—â–∏–π –º–æ—Ä—è–∫–∞–º –∏ —Ç–æ—Ä–≥–æ–≤—Ü–∞–º;x
moonpale_maiden_braavos;–ü–æ–∫–ª–æ–Ω—è–µ—Ç—Å—è –õ—É–Ω–æ–ª–∏–∫–æ–π –î–µ–≤–µ;x
moonpale_maiden_braavos_desc;–≠—Ç[_–æ—Ç] [__–ø–µ—Ä—Å–æ–Ω–∞–∂] –Ω–∞–ø—Ä–∞–≤–ª—è–µ—Ç –±–æ–ª—å—à–∏–Ω—Å—Ç–≤–æ —Å–≤–æ–∏—Ö –º–æ–ª–∏—Ç–≤ –õ—É–Ω–æ–ª–∏–∫–æ–π –î–µ–≤–µ, –±–æ–≥–∏–Ω–µ —é–Ω–æ—Å—Ç–∏, –∫–∞–∫ –≥–æ–≤–æ—Ä—è—Ç, –Ω–∞–ø—Ä–∞–≤–ª—è–µ—Ç –º–æ—Ä—è–∫–æ–≤;x
moonmother_braavos;–ü–æ–∫–ª–æ–Ω—è–µ—Ç—Å—è –õ—É–Ω–Ω–æ–π –ú–∞—Ç–µ—Ä–∏;x
moonmother_braavos_desc;–≠—Ç[_–æ—Ç] [__–ø–µ—Ä—Å–æ–Ω–∞–∂] –Ω–∞–ø—Ä–∞–≤–ª—è–µ—Ç –±–æ–ª—å—à–∏–Ω—Å—Ç–≤–æ —Å–≤–æ–∏—Ö –º–æ–ª–∏—Ç–≤ –õ—É–Ω–Ω–æ–π –ú–∞—Ç–µ—Ä–∏, –±–æ–≥–∏–Ω–µ –º–∞—Ç–µ—Ä–µ–π;x
pattern_braavos;–ü–æ–∫–ª–æ–Ω—è–µ—Ç—Å—è –¢–≤–æ—Ä—Ü—É —É–∑–æ—Ä–æ–≤;x
pattern_braavos_desc;–≠—Ç[_–æ—Ç] [__–ø–µ—Ä—Å–æ–Ω–∞–∂] –Ω–∞–ø—Ä–∞–≤–ª—è–µ—Ç –±–æ–ª—å—à–∏–Ω—Å—Ç–≤–æ —Å–≤–æ–∏—Ö –º–æ–ª–∏—Ç–≤ –∫ –¢–≤–æ—Ä—Ü—É —É–∑–æ—Ä–æ–≤, –º–∏—Å—Ç–∏—á–µ—Å–∫–∏–π –±–æ–≥, –∫–æ—Ç–æ—Ä—ã–π, –∫–∞–∫ –≥–æ–≤–æ—Ä—è—Ç, –¥–∞—Ä—É–µ—Ç –º—É–¥—Ä–æ—Å—Ç—å —Ç–µ–º, –∫—Ç–æ –ø—Ä–æ–π–¥—ë—Ç –µ–≥–æ –ª–∞–±–∏—Ä–∏–Ω—Ç;x
father_waters_braavos;–ü–æ–∫–ª–æ–Ω—è–µ—Ç—Å—è –û—Ç—Ü—É –í–æ–¥;x
father_waters_braavos_desc;–≠—Ç[_–æ—Ç] [__–ø–µ—Ä—Å–æ–Ω–∞–∂] –Ω–∞–ø—Ä–∞–≤–ª—è–µ—Ç –±–æ–ª—å—à–∏–Ω—Å—Ç–≤–æ —Å–≤–æ–∏—Ö –º–æ–ª–∏—Ç–≤ –û—Ç—Ü—É –í–æ–¥, –±–æ–≥—É –ø–ª–æ–¥–æ—Ä–æ–¥–∏—è, —Ä–µ–∫ –∏ –º–æ—Ä–µ–π;x
gelenei_braavos;–ü–æ–∫–ª–æ–Ω—è–µ—Ç—Å—è –ì–µ–ª–µ–Ω–µ–∏;x
gelenei_braavos_desc;–≠—Ç[_–æ—Ç] [__–ø–µ—Ä—Å–æ–Ω–∞–∂] –Ω–∞–ø—Ä–∞–≤–ª—è–µ—Ç –±–æ–ª—å—à–∏–Ω—Å—Ç–≤–æ —Å–≤–æ–∏—Ö –º–æ–ª–∏—Ç–≤ –ì–µ–ª–µ–Ω–µ–∏, –±–æ–≥—É –ø–ª–æ–¥–æ—Ä–æ–¥–∏—è –∏ –±–æ–≥–∞—Ç—Å—Ç–≤–∞, –∫–æ—Ç–æ—Ä–æ–º—É –ø–æ–∫–ª–æ–Ω—è—é—Ç—Å—è –≤ —Å–∞–¥–∞—Ö —Å–æ —Å–≤—è—â–µ–Ω–Ω—ã–º–∏ –ø–æ–∑–æ–ª–æ—á–µ–Ω–Ω—ã–º–∏ –¥–µ—Ä–µ–≤—å—è–º–∏ –∏ –ª–∏—Å—Ç—å—è–º–∏ –∏–∑ —Å–µ—Ä–µ–±—Ä–∞;x
many_faced_braavos;–ü–æ–∫–ª–æ–Ω—è–µ—Ç—Å—è –ú–Ω–æ–≥–æ–ª–∏–∫–æ–º—É;x
many_faced_braavos_desc;–≠—Ç[_–æ—Ç] [__–ø–µ—Ä—Å–æ–Ω–∞–∂] –Ω–∞–ø—Ä–∞–≤–ª—è–µ—Ç –±–æ–ª—å—à–∏–Ω—Å—Ç–≤–æ —Å–≤–æ–∏—Ö –º–æ–ª–∏—Ç–≤ –ú–Ω–æ–≥–æ–ª–∏–∫–æ–º—É, –±–æ–≥—É —Å–º–µ—Ä—Ç–∏, –µ–≥–æ –ø–æ—Å–ª–µ–¥–æ–≤–∞—Ç–µ–ª–∏ —Å—á–∏—Ç–∞—é—Ç —Å–º–µ—Ä—Ç—å –º–∏–ª–æ—Å—Ç–∏–≤—ã–º –ø—Ä–µ–∫—Ä–∞—â–µ–Ω–∏–µ–º —Å—Ç—Ä–∞–¥–∞–Ω–∏–π;x
moonsinger_braavos;–ü–æ–∫–ª–æ–Ω—è–µ—Ç—Å—è –õ—É–Ω–µ;x
moonsinger_braavos_desc;–≠—Ç[_–æ—Ç] [__–ø–µ—Ä—Å–æ–Ω–∞–∂] –Ω–∞–ø—Ä–∞–≤–ª—è–µ—Ç –±–æ–ª—å—à–∏–Ω—Å—Ç–≤–æ —Å–≤–æ–∏—Ö –º–æ–ª–∏—Ç–≤ –õ—É–Ω–µ, –∫–æ—Ç–æ—Ä–∞—è —Å–æ–≥–ª–∞—Å–Ω–æ –¥—Ä–µ–≤–Ω–µ–π —Ç—Ä–∞–¥–∏—Ü–∏–∏ –õ—É–Ω–Ω—ã—Ö –ø–µ–≤—Ü–æ–≤, –≤–µ–ª–∞ —Ä–∞–±–æ–≤ –≤ –ª–∞–≥—É–Ω—É —á—Ç–æ —Å—Ç–∞–ª–∞ –ë—Ä–∞–∞–≤–æ—Å–æ–º;x
twins_braavos;–ü–æ–∫–ª–æ–Ω—è–µ—Ç—Å—è –°–µ–º–æ—à –∏ –°–µ–ª–ª–æ—Å–æ;x
twins_braavos_desc;–≠—Ç[_–æ—Ç] [__–ø–µ—Ä—Å–æ–Ω–∞–∂] –Ω–∞–ø—Ä–∞–≤–ª—è–µ—Ç –±–æ–ª—å—à–∏–Ω—Å—Ç–≤–æ —Å–≤–æ–∏—Ö –º–æ–ª–∏—Ç–≤ –±—Ä–∞—Ç—å—è–º-–±–æ–≥–∞–º –°–µ–º–æ—à –∏ –°–µ–ª–ª–æ—Å–æ, –≥–æ–≤–æ—Ä—è—Ç —á—Ç–æ –±—Ä–∞—Ç—å—è —Å–ø—è—Ç –≤ —Å–≤–æ–∏—Ö —Ö—Ä–∞–º–∞–º-–±–ª–∏–∑–Ω–µ—Ü–∞—Ö, —á—Ç–æ –æ–±—Ä–∞—â–µ–Ω—ã –¥—Ä—É–≥ –¥—Ä—É–≥—É, –∏ –Ω–∞–ø—Ä–∞–≤–ª—è—é—Ç —Ç–µ—Ö –∫—Ç–æ —Å–ª–µ–¥—É–µ—Ç –∑–∞ –Ω–∏–º–∏;x
silent_god_braavos;–ü–æ–∫–ª–æ–Ω—è–µ—Ç—Å—è –ë–µ–∑–º–æ–ª–≤–Ω–æ–º—É –±–æ–≥—É;x
silent_god_braavos_desc;–≠—Ç[_–æ—Ç] [__–ø–µ—Ä—Å–æ–Ω–∞–∂] –Ω–∞–ø—Ä–∞–≤–ª—è–µ—Ç –±–æ–ª—å—à–∏–Ω—Å—Ç–≤–æ —Å–≤–æ–∏—Ö –º–æ–ª–∏—Ç–≤ –ë–µ–∑–º–æ–ª–≤–Ω–æ–º—É –±–æ–≥—É, —Ç–∞–∏–Ω—Å—Ç–≤–µ–Ω–Ω–æ–º—É –±–æ–∂–µ—Å—Ç–≤—É, –∫–æ—Ç–æ—Ä–æ–º—É –ø–æ–∫–ª–æ–Ω—è—é—Ç—Å—è —Å—Ä–µ–¥–∏ —Ç–∏—Ö–∏—Ö –∫–∞–º–Ω–µ–π;x

aquan_lorath;–ü–æ–∫–ª–æ–Ω—è–µ—Ç—Å—è –ê–∫–≤–∞–Ω—É –ö—Ä–∞—Å–Ω–æ–º—É –±—ã–∫—É;x
aquan_lorath_desc;–≠—Ç[_–æ—Ç] [__–ø–µ—Ä—Å–æ–Ω–∞–∂] –Ω–∞–ø—Ä–∞–≤–ª—è–µ—Ç –±–æ–ª—å—à–∏–Ω—Å—Ç–≤–æ —Å–≤–æ–∏—Ö –º–æ–ª–∏—Ç–≤ –ê–∫–≤–∞–Ω—É –ö—Ä–∞—Å–Ω–æ–º—É –±—ã–∫—É, –±—ã—á–∏–π –±–æ–≥ –∂–µ—Ä—Ç–≤–æ–ø—Ä–∏–Ω–æ—à–µ–Ω–∏–π;x
bakkalon_lorath;–ü–æ–∫–ª–æ–Ω—è–µ—Ç—Å—è –ë–∞–∫–∫–∞–ª–æ–Ω—É;x
bakkalon_lorath_desc;–≠—Ç[_–æ—Ç] [__–ø–µ—Ä—Å–æ–Ω–∞–∂] –Ω–∞–ø—Ä–∞–≤–ª—è–µ—Ç –±–æ–ª—å—à–∏–Ω—Å—Ç–≤–æ —Å–≤–æ–∏—Ö –º–æ–ª–∏—Ç–≤ –ë–∞–∫–∫–∞–ª–æ–Ω—É, –±–ª–µ–¥–Ω–æ–µ –¥–∏—Ç—è, —Ä–µ–±—ë–Ω–æ–∫-–±–æ–≥ —Å –º–µ—á–æ–º. –ì–æ–≤–æ—Ä—è—Ç –æ–Ω –ø–æ–º–æ–≥–∞–µ—Ç —Å–æ–ª–¥–∞—Ç–∞–º –≤ –±–æ—é;x
merling_king_lorath;–ü–æ–∫–ª–æ–Ω—è–µ—Ç—Å—è –ü–æ–¥–≤–æ–¥–Ω–æ–º—É –ö–æ—Ä–æ–ª—é;x
merling_king_lorath_desc;–≠—Ç[_–æ—Ç] [__–ø–µ—Ä—Å–æ–Ω–∞–∂] –Ω–∞–ø—Ä–∞–≤–ª—è–µ—Ç –±–æ–ª—å—à–∏–Ω—Å—Ç–≤–æ —Å–≤–æ–∏—Ö –º–æ–ª–∏—Ç–≤ –ü–æ–¥–≤–æ–¥–Ω–æ–º—É –ö–æ—Ä–æ–ª—é, –±–æ–≥ –º–æ—Ä—è, –ø–æ–∫—Ä–æ–≤–∏—Ç–µ–ª—å—Å—Ç–≤—É—é—â–∏–π –º–æ—Ä—è–∫–∞–º –∏ —Ç–æ—Ä–≥–æ–≤—Ü–∞–º;x
moonpale_maiden_lorath;–ü–æ–∫–ª–æ–Ω—è–µ—Ç—Å—è –õ—É–Ω–æ–ª–∏–∫–æ–π –î–µ–≤–µ;x
moonpale_maiden_lorath_desc;–≠—Ç[_–æ—Ç] [__–ø–µ—Ä—Å–æ–Ω–∞–∂] –Ω–∞–ø—Ä–∞–≤–ª—è–µ—Ç –±–æ–ª—å—à–∏–Ω—Å—Ç–≤–æ —Å–≤–æ–∏—Ö –º–æ–ª–∏—Ç–≤ –õ—É–Ω–æ–ª–∏–∫–æ–π –î–µ–≤–µ, –±–æ–≥–∏–Ω–µ —é–Ω–æ—Å—Ç–∏, –∫–∞–∫ –≥–æ–≤–æ—Ä—è—Ç, –Ω–∞–ø—Ä–∞–≤–ª—è–µ—Ç –º–æ—Ä—è–∫–æ–≤;x
silent_god_lorath;–ü–æ–∫–ª–æ–Ω—è–µ—Ç—Å—è –ë–µ–∑–º–æ–ª–≤–Ω–æ–º—É –±–æ–≥—É;x
silent_god_lorath_desc;–≠—Ç[_–æ—Ç] [__–ø–µ—Ä—Å–æ–Ω–∞–∂] –Ω–∞–ø—Ä–∞–≤–ª—è–µ—Ç –±–æ–ª—å—à–∏–Ω—Å—Ç–≤–æ —Å–≤–æ–∏—Ö –º–æ–ª–∏—Ç–≤ –ë–µ–∑–º–æ–ª–≤–Ω–æ–º—É –±–æ–≥—É, —Ç–∞–∏–Ω—Å—Ç–≤–µ–Ω–Ω–æ–º—É –±–æ–∂–µ—Å—Ç–≤—É, –∫–æ—Ç–æ—Ä–æ–º—É –ø–æ–∫–ª–æ–Ω—è—é—Ç—Å—è —Å—Ä–µ–¥–∏ —Ç–∏—Ö–∏—Ö –∫–∞–º–Ω–µ–π;x
pattern_lorath;–ü–æ–∫–ª–æ–Ω—è–µ—Ç—Å—è –¢–≤–æ—Ä—Ü—É —É–∑–æ—Ä–æ–≤;x
pattern_lorath_desc;–≠—Ç[_–æ—Ç] [__–ø–µ—Ä—Å–æ–Ω–∞–∂] –Ω–∞–ø—Ä–∞–≤–ª—è–µ—Ç –±–æ–ª—å—à–∏–Ω—Å—Ç–≤–æ —Å–≤–æ–∏—Ö –º–æ–ª–∏—Ç–≤ –∫ –¢–≤–æ—Ä—Ü—É —É–∑–æ—Ä–æ–≤, –º–∏—Å—Ç–∏—á–µ—Å–∫–∏–π –±–æ–≥, –∫–æ—Ç–æ—Ä—ã–π, –∫–∞–∫ –≥–æ–≤–æ—Ä—è—Ç, –¥–∞—Ä—É–µ—Ç –º—É–¥—Ä–æ—Å—Ç—å —Ç–µ–º, –∫—Ç–æ –ø—Ä–æ–π–¥—ë—Ç –µ–≥–æ –ª–∞–±–∏—Ä–∏–Ω—Ç;x



prostitute;–ü—Ä–æ—Å—Ç–∏—Ç—É—Ç–∫–∞;x
prostitute_desc;–≠—Ç[_–æ—Ç] [__–ø–µ—Ä—Å–æ–Ω–∞–∂] –ø—Ä–∞–∫—Ç–∏–∫—É–µ—Ç —Å—Ç–∞—Ä–µ–π—à—É—é –≤ –º–∏—Ä–µ –ø—Ä–æ—Ñ–µ—Å—Å–∏—é;x


knight_king;–ü–æ—Å–≤—è—â—ë–Ω –≤ —Ä—ã—Ü–∞—Ä–∏ - –∫–æ—Ä–æ–ª—ë–º;x
knight_king_desc;–≠—Ç–æ–º—É –ø–µ—Ä—Å–æ–Ω–∞–∂—É –ø–æ–∂–∞–ª–æ–≤–∞–Ω–∞ —á–µ—Å—Ç—å —Ä—ã—Ü–∞—Ä—Å—Ç–≤–∞ –æ—Ç –∫–æ—Ä–æ–ª—è;x
knight_lord;–ü–æ—Å–≤—è—â—ë–Ω –≤ —Ä—ã—Ü–∞—Ä–∏ - –ª–æ—Ä–¥–æ–º;x
knight_lord_desc;–≠—Ç–æ–º—É –ø–µ—Ä—Å–æ–Ω–∞–∂—É –ø–æ–∂–∞–ª–æ–≤–∞–Ω–∞ —á–∞—Å—Ç—å —Ä—ã—Ü–∞—Ä—Å—Ç–≤–∞ –æ—Ç –ª–æ—Ä–¥–∞;x
knight_lord_petty;–ü–æ—Å–≤—è—â—ë–Ω –≤ —Ä—ã—Ü–∞—Ä–∏ - –º–µ–ª–∫–∏–º –ª–æ—Ä–¥–æ–º;x
knight_lord_petty_desc;–≠—Ç–æ–º—É –ø–µ—Ä—Å–æ–Ω–∞–∂—É –ø–æ–∂–∞–ª–æ–≤–∞–Ω–∞ —á–µ—Å—Ç—å —Ä—ã—Ü–∞—Ä—Å—Ç–≤–∞ –æ—Ç –º–µ–ª–∫–æ–≥–æ –ª–æ—Ä–¥–∞;x
knight_kingsguard;–ü–æ—Å–≤—è—â—ë–Ω –≤ —Ä—ã—Ü–∞—Ä–∏ - –∫–æ—Ä–æ–ª–µ–≤—Å–∫–∏–º –≥–≤–∞—Ä–¥–µ–π—Ü–µ–º;x
knight_kingsguard_desc;–≠—Ç–æ–º—É –ø–µ—Ä—Å–æ–Ω–∞–∂—É –ø–æ–∂–∞–ª–æ–≤–∞–Ω–∞ —á–µ—Å—Ç—å —Ä—ã—Ü–∞—Ä—Å—Ç–≤–∞ –æ–¥–Ω–∏–º –∏–∑ –ª–µ–≥–µ–Ω–¥–∞—Ä–Ω—ã—Ö —Ä—ã—Ü–∞—Ä–µ–π –∫–æ—Ä–æ–ª–µ–≤—Å–∫–æ–π –≥–≤–∞—Ä–¥–∏–∏;x
knight_prince;–ü–æ—Å–≤—è—â—ë–Ω –≤ —Ä—ã—Ü–∞—Ä–∏ - –ø—Ä–∏–Ω—Ü–µ–º;x
knight_prince_desc;–≠—Ç–æ–º—É –ø–µ—Ä—Å–æ–Ω–∞–∂—É –ø–æ–∂–∞–ª–æ–≤–∞–Ω–∞ —á–µ—Å—Ç—å —Ä—ã—Ü–∞—Ä—Å—Ç–≤–∞ —á–ª–µ–Ω–æ–º –∫–æ—Ä–æ–ª–µ–≤—Å–∫–æ–π —Å–µ–º—å–∏;x
knight_knight;–ü–æ—Å–≤—è—â—ë–Ω –≤ —Ä—ã—Ü–∞—Ä–∏ —Ä—ã—Ü–∞—Ä–µ–º;x
knight_knight_desc;–≠—Ç–æ–º—É –ø–µ—Ä—Å–æ–Ω–∞–∂—É –ø–æ–∂–∞–ª–æ–≤–∞–Ω–∞ —á–µ—Å—Ç—å —Ä—ã—Ü–∞—Ä—Å—Ç–≤–∞ –æ—Ç –±–ª–∞–≥–æ—Ä–æ–¥–Ω–æ–≥–æ —Ä—ã—Ü–∞—Ä—è;x
knight_hedge;–ü–æ—Å–≤—è—â—ë–Ω –≤ —Ä—ã—Ü–∞—Ä–∏ - –º–µ–∂–µ–≤—ã–º —Ä—ã—Ü–∞—Ä–µ–º;x
knight_hedge_desc;–≠—Ç–æ–º—É –ø–µ—Ä—Å–æ–Ω–∞–∂—É –ø–æ–∂–∞–ª–æ–≤–∞–Ω–∞ —á–µ—Å—Ç—å —Ä—ã—Ü–∞—Ä—Å—Ç–≤–∞ –æ—Ç –æ–±—ã—á–Ω–æ–≥–æ –º–µ–∂–µ–≤–æ–≥–æ —Ä—ã—Ü–∞—Ä—è;x
knight_legend;–ü–æ—Å–≤—è—â—ë–Ω –≤ —Ä—ã—Ü–∞—Ä–∏ - –ª–µ–≥–µ–Ω–¥–∞—Ä–Ω—ã–º —Ä—ã—Ü–∞—Ä–µ–º;x
knight_legend_desc;–≠—Ç–æ–º—É –ø–µ—Ä—Å–æ–Ω–∞–∂—É –ø–æ–∂–∞–ª–æ–≤–∞–Ω–∞ —á–µ—Å—Ç—å —Ä—ã—Ü–∞—Ä—Å—Ç–≤–∞ –æ–¥–Ω–∏–º –∏–∑ –≤–µ–ª–∏—á–∞–π—à–∏—Ö —Ä—ã—Ü–∞—Ä–µ–π —Å–≤–æ–µ–≥–æ –≤—Ä–µ–º–µ–Ω–∏, –æ —á—å—ë–º –º–∞—Å—Ç–µ—Ä—Å—Ç–≤–µ –≤ –æ–±—Ä–∞—â–µ–Ω–∏–∏ –∫–ª–∏–Ω–∫–æ–º —Ö–æ–¥–∏–ª–∏ –ª–µ–≥–µ–Ω–¥—ã –∏ –æ –∫–æ—Ç–æ—Ä–æ–º –±–∞—Ä–¥—ã —Å–ª–∞–≥–∞–ª–∏ –≤–µ–ª–∏–∫–∏–µ –ø–µ—Å–Ω–∏;x
