PROV1;Земли Вечной Зимы;x
PROV2;Тенния;x
PROV3;Северные Клыки Мороза;x
PROV4;Стылый Берег;x
PROV5;Воющий Перевал;x
PROV6;Дрожащий Лес;x
PROV7;Берег Ледяного Залива;x
PROV8;Двузубая;x
PROV9;Кулак Первых Людей;x
PROV10;Долина Оленьего Рога;x
PROV11;Зимний Замок;x
PROV12;Белое Древо;x
PROV13;Зачарованный Лес;x
PROV14;Суровый Дом;x
PROV15;Теснина;x
PROV16;Сумеречная Башня;x
PROV17;Чёрный Замок;x
PROV18;Восточный Дозор;x
PROV19;Брандонов Дар;x
PROV20;Новый Дар;x
PROV21;Вороний Край;x
PROV22;Арренделл;x
PROV23;Пайнсенд;x
PROV24;Тенистое Болото;x
PROV25;Последний Очаг;x
PROV26;Берег Тюленьего Залива;x
PROV27;Вершина;x
PROV28;Последняя Река;x
PROV29;Кархолд;x
PROV30;Недра;x
PROV31;Королевский Дом;x
PROV32;Плавник;x
PROV33;Медвежий Остров;x
PROV34;Мыс Морского Дракона;x
PROV35;Темнолесье;x
PROV36;Синие Холмы;x
PROV37;Железный Холм;x
PROV38;Королевская Роща;x
PROV39;Волчий Лес;x
PROV40;Каменный Берег;x
PROV41;Родники;x
PROV42;Увядший Вереск;x
PROV43;Родниковая Переправа;x
PROV44;Торрхенов Удел;x
PROV45;Златотравье;x
PROV46;Барроутон;x
PROV47;Винтерфелл;x
PROV48;Желудевая Роща;x
PROV49;Сервин;x
PROV50;Одинокие Холмы;x
PROV51;Истмелт;x
PROV52;Рыдающий Залив;x
PROV53;Дредфорт;x
PROV54;Рассветный Лес;x
PROV55;Бараньи Лбы;x
PROV56;Овертон;x
PROV57;Королевский Тракт;x
PROV58;Белый Нож;x
PROV59;Этеринг;x
PROV60;Хорнвуд;x
PROV61;Уитфорд;x
PROV62;Белая Гавань;x
PROV63;Бараньи Ворота;x
PROV64;Вдовий Дозор;x
PROV65;Старый Замок;x
PROV66;Ров Кейлин;x
PROV67;Горячка;x
PROV68;Грейкранн;x
PROV69;Чурвелл;x
PROV70;Сильверид;x
PROV71;Дозор в Сероводье;x
PROV72;Мыс Кракена;x
PROV73;Кремниевый Палец;x
PROV74;Кремниевые Утесы;x
PROV75;Омеловая Чаща;x
PROV76;Орлиный Мыс;x
PROV77;Близнецы;x
PROV78;Земли Фреев;x
PROV79;Сигард;x
PROV80;Рашмур;x
PROV81;Старые Камни;x
PROV82;Безмолвная Топь;x
PROV83;Эренфорд;x
PROV84;Викомб;x
PROV85;Ласточкин Залив;x
PROV86;Грейвсхэм;x
PROV87;Девичий Камень;x
PROV88;Темный Прилив;x
PROV89;Ярморочное Поле;x
PROV90;Чернолесная Долина;x
PROV91;Каменная Ограда;x
PROV92;Синий Зубец;x
PROV93;Филдстон;x
PROV94;Дарри;x
PROV95;Чилтерн;x
PROV96;Личестер;x
PROV97;Город Харровея;x
PROV98;Солеварни;x
PROV99;Золотые Холмы;x
PROV100;Перевернутый Мост;x
PROV101;Риверран;x
PROV102;Рубленый Камень;x
PROV103;Лоллистон;x
PROV104;Высокое Сердце;x
PROV105;Приют Странника;x
PROV106;Гудбрук;x
PROV107;Харренхол;x
PROV108;Ивовая Роща;x
PROV109;Девичий Пруд;x
PROV110;Розовая Дева;x
PROV111;Желуди;x
PROV112;Каменная Септа;x
PROV113;Деддингтон;x
PROV114;Атранта;x
PROV115;Шорхэм;x
PROV116;Эсгарот;x
PROV117;Остров Ликов;x
PROV118;Длинная Сестра;x
PROV119;Милая Сестра;x
PROV120;Малая Сестра;x
PROV121;Галечный Остров;x
PROV122;Сосцы;x
PROV123;Вороньи Пустоши;x
PROV124;Выжженная Долина;x
PROV125;Резермонт;x
PROV126;Стылые Воды;x
PROV127;Уиклиф;x
PROV128;Мидлор;x
PROV129;Серолунье;x
PROV130;Новая Крепость;x
PROV131;Змеиный Лес;x
PROV132;Крепость Восхода;x
PROV133;Суровая Песнь;x
PROV134;Камешек;x
PROV135;Утес Короны;x
PROV136;Орлиное Гнездо;x
PROV137;Дом Сердец;x
PROV138;Щебень;x
PROV139;Длинный Лук;x
PROV140;Кровавые Врата;x
PROV141;Серая Лощина;x
PROV142;Железная Дубрава;x
PROV143;Старый Якорь;x
PROV144;Редфорт;x
PROV145;Девять Звезд;x
PROV146;Крабовый Берег;x
PROV147;Викенден;x
PROV148;Суровая Долина;x
PROV149;Чаячий Город;x
PROV150;Рунный Камень;x
PROV151;Тюленья Шкура;x
PROV152;Хаммерхорн;x
PROV153;Пебблтон;x
PROV154;Старый Вик;x
PROV155;Черная Волна;x
PROV156;Оркмонт;x
PROV157;Волмарк;x
PROV158;Холм Харлоу;x
PROV159;Стоунтри;x
PROV160;Соленый Утес;x
PROV161;Лордспорт;x
PROV162;Пайк;x
PROV163;Погибельная Крепость;x
PROV164;Скала;x
PROV165;Глиттерделл;x
PROV166;Брентбрук;x
PROV167;Светлый Остров;x
PROV168;Пиршественные Огни;x
PROV169;Кайс;x
PROV170;Маунхилл;x
PROV171;Тарбекхолл;x
PROV172;Туррок;x
PROV173;Эшмарк;x
PROV174;Золотой Зуб;x
PROV175;Впадина Нанн;x
PROV176;Тендринг;x
PROV177;Холмы Пендрика;x
PROV178;Сарсфилд;x
PROV179;Голдшир;x
PROV180;Хорнваль;x
PROV181;Виндхолл;x
PROV182;Утес Кастерли;x
PROV183;Ланниспорт;x
PROV184;Окскросс;x
PROV185;Хоторн;x
PROV186;Гринмонт;x
PROV187;Кастамере;x
PROV188;Башня Клыка;x
PROV189;Маятт;x
PROV190;Лонмонт;x
PROV191;Глубокая Нора;x
PROV192;Замок Дрокс;x
PROV193;Пеклдон;x
PROV194;Пейнхолл;x
PROV195;Серебряный Холм;x
PROV196;Красный Терновник;x
PROV197;Крейкхолл;x
PROV198;Фолвелл;x
PROV199;Корнфилд;x
PROV200;Гринфилд;x
PROV201;Мосборо;x
PROV202;Байфорд;x
PROV203;Большой Зубец;x
PROV204;Районет;x
PROV205;Свиной Рог;x
PROV206;Берчхолл;x
PROV207;Оленьи Рога;x
PROV208;Бриндлвуд;x
PROV209;Эджертон;x
PROV210;Роллингфорд;x
PROV211;Росби;x
PROV212;Сумеречный Дол;x
PROV213;Холлардхолл;x
PROV214;Грачиный Приют;x
PROV215;Пустошь Расколотой Клешни;x
PROV216;Лютое Логово;x
PROV217;Шепоты;x
PROV218;Север Расколотой Клешни;x
PROV219;Клешня;x
PROV220;Дрифтмарк;x
PROV221;Драконий Камень;x
PROV222;Брамсфорт;x
PROV223;Фарринг-Кросс;x
PROV224;Хейфорд;x
PROV225;Стокворт;x
PROV226;Королевская Гавань;x
PROV227;Крепость Далстон;x
PROV228;Гринсворд;x
PROV229;Аттадейл;x
PROV230;Вудмер;x
PROV231;Байуотер;x
PROV232;Читтеринг Брук;x
PROV233;Камнепляс;x
PROV234;Острый Мыс;x
PROV235;Старый Дуб;x
PROV236;Алое Озеро;x
PROV237;Поляна Рисли;x
PROV238;Холодный Ров;x
PROV239;Даск;x
PROV240;Катсволд;x
PROV241;Оплот;x
PROV242;Дерринг;x
PROV243;Золотая Роща;x
PROV244;Уитерс;x
PROV245;Смититон;x
PROV246;Плющевой Чертог;x
PROV247;Алденкип;x
PROV248;Харпшир;x
PROV249;Тамблтон;x
PROV250;Водопадный Пик;x
PROV251;Крепость Лейгудов;x
PROV252;Хаммерхолл;x
PROV253;Горький Мост;x
PROV254;Длинный Стол;x
PROV255;Роузфорд;x
PROV256;Тёмная долина;x
PROV257;Священный Чертог;x
PROV258;Эпплтон;x
PROV259;Луговый Дол;x
PROV260;Хаствик;x
PROV261;Дубовый Щит;x
PROV262;Серый Щит;x
PROV263;Зеленый Щит;x
PROV264;Южный Щит;x
PROV265;Вестбрук;x
PROV266;Смоллвуд;x
PROV267;Хайгарден;x
PROV268;Сидрхолл;x
PROV269;Новая Бочка;x
PROV270;Эшфорд;x
PROV271;Мандерфорд;x
PROV272;Норкросс;x
PROV273;Даннсбридж;x
PROV274;Ясноводная Крепость;x
PROV275;Инчфилд;x
PROV276;Миддлбери;x
PROV277;Дом Бардов;x
PROV278;Йелшир;x
PROV279;Звездный Пик;x
PROV280;Рогов Холм;x
PROV281;Фавнкрэг;x
PROV282;Бандаллон;x
PROV283;Медовая Роща;x
PROV284;Соммерсет;x
PROV285;Чёрный Венец;x
PROV286;Старомест;x
PROV287;Нагорье;x
PROV288;Охотничьи Холмы;x
PROV289;Три Башни;x
PROV290;Солнечный Дом;x
PROV291;Звено;x
PROV292;Арбор;x
PROV293;Широкая Арка;x
PROV294;Фелвуд;x
PROV295;Лонгуордхолл;x
PROV296;Бронзовые Врата;x
PROV297;Крепость Хэдлоу;x
PROV298;Стога Сена;x
PROV299;Пергаменты;x
PROV300;Дрейксгрейв;x
PROV301;Гейлмонт;x
PROV302;Грандвью;x
PROV303;Грифонье Гнездо;x
PROV304;Штормовой Предел;x
PROV305;Тарт;x
PROV306;Летний Замок;x
PROV307;Ночная Песнь;x
PROV308;Дом Урожая;x
PROV309;Гороховое Поле;x
PROV310;Серая Виселица;x
PROV311;Чёрный Приют;x
PROV312;Фонтон;x
PROV313;Гадючья Лощина;x
PROV314;Воронье Гнездо;x
PROV315;Лонмаут;x
PROV316;Каменный Шлем;x
PROV317;Локпорт;x
PROV318;Амберли;x
PROV319;Тадберихолл;x
PROV320;Дождливый Лес;x
PROV321;Синяя Роща;x
PROV322;Туманный Лес;x
PROV323;Дождливый Дом;x
PROV324;Гневный Городок;x
PROV325;Гневная Скала;x
PROV326;Эстермонт;x
PROV327;Блэкмонт;x
PROV328;Принцев Перевал;x
PROV329;Уступ Стервятника;x
PROV330;Виль;x
PROV331;Королевская Гробница;x
PROV332;Горный Приют;x
PROV333;Поднебесье;x
PROV334;Айронвуд;x
PROV335;Звездопад;x
PROV336;Элбоу;x
PROV337;Песчаник;x
PROV338;Адов Холм;x
PROV339;Нимервелл;x
PROV340;Великая Пустыня;x
PROV341;Выжженная Скала;x
PROV342;Серая Крепость;x
PROV343;Тор;x
PROV344;Плеть;x
PROV345;Красные Дюны;x
PROV346;Соленый Берег;x
PROV347;Призрачный Холм;x
PROV348;Пятнистый Лес;x
PROV349;Дар Богов;x
PROV350;Дощатый Город;x
PROV351;Лимонная Роща;x
PROV352;Солнечное Копье;x
PROV353;Солнечный Камень;x
PROV354;Ключи;x
PROV355;Каслвуд;x
PROV356;Каменный Холм;x
PROV357;Одинокий Свет;x
PROV358;Кровавый Камень;x
PROV359;Серая Петля;x
PROV360;Темное Логово;x
PROV361;Черепа;x
PROV362;Пыточная Глубь;x
PROV363;Последнее Убежище;x
PROV364;Остров Позора;x
PROV365;Обломанный Камень;x
PROV366;Маленький Тирош;x
PROV367;Тирош;x
PROV368;Лис;x
PROV369;Тирошийские Земли;x
PROV370;Вилибош;x
PROV371;Килос;x
PROV372;Холм Дирено;x
PROV373;Равнины Висоса;x
PROV374;Моргос;x
PROV375;Киос;x
PROV376;Спорный Лес;x
PROV377;Воды Мира;x
PROV378;Мир;x
PROV379;Ринлос;x
PROV380;Накес Эмбар;x
PROV381;Билот;x
PROV382;Залив Лортир;x
PROV383;Длинное Озеро;x
PROV384;Нонтелос;x
PROV385;Милонос;x
PROV386;Самал;x
PROV387;Миртское Озеро;x
PROV388;Ар Кон;x
PROV389;Великая Рука;x
PROV390;Аменос;x
PROV391;Далекие Очи;x
PROV392;Зеленые Кружева;x
PROV393;Ни Мирелор;x
PROV394;Вимолис;x
PROV395;Латнир;x
PROV396;Дрелия;x
PROV397;Месилош;x
PROV398;Шелковая Голова;x
PROV399;Равнины Мейгиса;x
PROV400;Анирия;x
PROV401;Лаборос;x
PROV402;Ар Минар;x
PROV403;Дреос;x
PROV404;Почетный Порт;x
PROV405;Сар Лоралис;x
PROV406;Пентос;x
PROV407;Побережье Принца;x
PROV408;Берилос;x
PROV409;Восточный Путь;x
PROV410;Лоралу;x
PROV411;Северный Луга;x
PROV412;Золотой Мост;x
PROV413;Крояне;x
PROV414;Ни Сар;x
PROV415;Олвис Мелл;x
PROV416;Земли Ведиса;x
PROV417;Волантис;x
PROV418;Великая Площадь;x
PROV419;Старый Волантис;x
PROV420;Волон Терис;x
PROV421;Сар Мелл;x
PROV422;Валисар;x
PROV423;Селорис;x
PROV424;Мавлис;x
PROV425;Валон Сар;x
PROV426;Долина Ройны;x
PROV427;Нор Салис;x
PROV428;Кинжальное Озеро;x
PROV429;Ар Ной;x
PROV430;Сар Рой;x
PROV431;Койна;x
PROV432;Нойна;x
PROV433;Норвос;x
PROV434;Ниэлос;x
PROV435;Ворота Нума;x
PROV436;Темный Мост;x
PROV437;Густой Лес;x
PROV438;Малхор;x
PROV439;Встречные Воды;x
PROV440;Палхорвос;x
PROV441;Медвежьи Холмы;x
PROV442;Перевал Гойан;x
PROV443;Наррос;x
PROV444;Гора Норво;x
PROV445;Шалорат;x
PROV446;Рыбацкий Мыс;x
PROV447;Элбатерос;x
PROV448;Белые Скалы;x
PROV449;Долина Ни Рон;x
PROV450;Гойан Дроэ;x
PROV451;Бархатный Путь;x
PROV452;Бархатный Пик;x
PROV453;Малая Ройна;x
PROV454;Семь Звезд;x
PROV455;Долина Хугора;x
PROV456;Восточный Андалос;x
PROV457;Холм Отца;x
PROV458;Побережье Андалов;x
PROV459;Долина Матери;x
PROV460;Ивовые Просторы;x
PROV461;Малаквовос;x
PROV462;Фрэнерос;x
PROV463;Холмы Дейрвес;x
PROV464;Пристейнос;x
PROV465;Мороггос;x
PROV466;Антарионос;x
PROV467;Железная Гавань;x
PROV468;Лунный Мост;x
PROV469;Болота;x
PROV470;Браавос;x
PROV471;Лорат;x
PROV472;Темные Холмы;x
PROV473;Долронхор;x
PROV474;Секира;x
PROV475;Горы Секиры;x
PROV476;Квохор;x
PROV477;Квовосар;x
PROV478;Козлиное Древо;x
PROV479;Хобрет;x
PROV480;Сатолик;x
PROV481;Солнечная Роща;x
PROV482;Ар Селрис;x
PROV483;Арлиор Герон;x
PROV484;Маленькая Валирия;x
PROV485;Васиигис;x
PROV486;Болота Смерти;x
PROV487;Селору;x
PROV488;Волейна;x
PROV489;Визирия;x
PROV490;Пестрый Путь;x
PROV491;Каменная Голова;x
PROV492;Остров Женщин;x
PROV493;Прощальный Плач;x
PROV494;Лотосовая Долина;x
PROV495;Джхахар;x
PROV496;Лотосовый Мыс;x
PROV497;Янтарный Берег;x
PROV498;Джалабуксон;x
PROV499;Лес Коне;x
PROV500;Город Высоких Деревьев;x
PROV501;Цитрусовые Рощи;x
PROV502;Кодж;x
PROV503;Остров Птиц;x
PROV504;Кветзалу;x
PROV505;Сердечная Долина;x
PROV506;Обнаженный Лес;x
PROV507;Улыбчивые Скалы;x
PROV508;Ксала;x
PROV509;Мыс Омбуру;x
PROV510;Поющие Камни;x
PROV511;Золотой Изгнанник;x
PROV512;Малый Изгнанник;x
PROV513;Оранжевый Изгнанние;x
PROV514;Остров Любви;x
PROV515;Молуу;x
PROV516;Благоуханный Остров;x
PROV517;Эбеновая Голова;x
PROV518;Пресноводье;x
PROV519;Золотые Горы;x
PROV520;Лотосовые Холмы;x
PROV521;Эбеновые Холмы;x
PROV522;Кровавый Лес;x
PROV523;Калалула;x
PROV524;Долина Джала;x
PROV525;Высокая Роща;x
PROV526;Бухта Алых Цветов;x
PROV527;Берег Индиго;x
PROV528;Алая Голова;x
PROV529;Берег Попугаев;x
PROV530;Лес Роту;x
PROV531;Златосерд;x
PROV532;Тамарину;x
PROV533;Чёрный Пруд;x
PROV534;Ксон;x
PROV535;Кости;x
PROV536;Доквуу;x
PROV537;Хатасия;x
PROV538;Персария;x
PROV539;Херис;x
PROV540;Лесная Дорога;x
PROV541;Баджис;x
PROV542;Эссария;x
PROV543;Микат;x
PROV544;Саат;x
PROV545;Морош;x
PROV546;Сарис;x
PROV547;Протош;x
PROV548;Высокий Атош;x
PROV549;Ратилар;x
PROV550;Кит;x
PROV551;Мардош;x
PROV552;Хорнот;x
PROV553;Сарнат;x
PROV554;Королевские Холмы;x
PROV555;Касат;x
PROV556;Датар;x
PROV557;Баркарт;x
PROV558;Фаат;x
PROV559;Бартош;x
PROV560;Бивневый Залив;x
PROV561;Саллош;x
PROV562;Малат;x
PROV563;Беккэйн;x
PROV564;Горнат;x
PROV565;Сатар;x
PROV566;Моржовый Мыс;x
PROV567;Чев'Рак;x
PROV568;Дофакар;x
PROV569;Маэракар;x
PROV570;Ваэс Эврони;x
PROV571;Ваэс Леиси;x
PROV572;Арфакар;x
PROV573;Кверр;x
PROV574;Ваэс Лотар;x
PROV575;Квев'Рак;x
PROV576;Новый Иббиш;x
PROV577;Иббиш;x
PROV578;Ваэракар;x
PROV579;Иббон;x
PROV580;Иб Осс;x
PROV581;Гейзерт;x
PROV582;Иб Нор;x
PROV583;Бивневый Залив;x
PROV584;Иб Эсс;x
PROV585;Порт-Иббен;x
PROV586;Спирхолд;x
PROV587;Иб Лок;x
PROV588;Херс;x
PROV589;Мелтен;x
PROV590;Иббен Трак;x
PROV591;Иббен Дол;x
PROV592;Иббен Зок;x
PROV593;Иббен Хран;x
PROV594;Фар Иб;x
PROV595;Иб Сар;x
PROV596;Земли Долгого Лета;x
PROV597;Валирия;x
PROV598;Драконис;x
PROV599;Мантарис;x
PROV600;Демонов Перевал;x
PROV601;Толос;x
PROV602;Элирия;x
PROV603;Черные Скалы;x
PROV604;Бхораш;x
PROV605;Дорога Демонов;x
PROV606;Миэрин;x
PROV607;Кхизайский Перевал;x
PROV608;Ничейные Земли;x
PROV609;Вадхадхан;x
PROV610;Юнкай;x
PROV611;Маэлк;x
PROV612;Дорога Работорговцев;x
PROV613;Астапор;x
PROV614;Дозай;x
PROV615;Ярос;x
PROV616;Гискарский Мыс;x
PROV617;Пекучий Берег;x
PROV618;Атрускай;x
PROV619;Гис;x
PROV620;Кимбрин;x
PROV621;Гозай;x
PROV622;Велос;x
PROV623;Элос;x
PROV624;Гаэн;x
PROV625;Новый Гис;x
PROV626;Наат;x
PROV627;Гадис;x
PROV628;Рога Хаззата;x
PROV629;Калдин;x
PROV630;Селчар;x
PROV631;Джагор;x
PROV632;Калот;x
PROV633;Пуки;x
PROV634;Олта Дрогаки;x
PROV635;Побережье Костей;x
PROV636;Самбиар;x
PROV637;Малкай;x
PROV638;Хеш;x
PROV639;Лхазош;x
PROV640;Хошорак;x
PROV641;Макхрош;x
PROV642;Порт Ихос;x
PROV643;Гардак;x
PROV644;Вурзкай;x
PROV645;Гохлин;x
PROV646;Атакош;x
PROV647;Геледхан;x
PROV648;Косрак;x
PROV649;Вирзош;x
PROV650;Некхос;x
PROV651;Западная Красная Пустошь;x
PROV652;Тракт Старой Пустоши;x
PROV653;Токволарт;x
PROV654;Кваркаш;x
PROV655;Мыс Черепов;x
PROV656;Кволан;x
PROV657;Восточная Красная Пустошь;x
PROV658;Хубрек;x
PROV659;Адакхакилеки;x
PROV660;Йинишар;x
PROV661;Каменная Крепость;x
PROV662;Лекрон;x
PROV663;Кварт;x
PROV664;Матсар;x
PROV665;Саалек;x
PROV666;Нефритовый Мыс;x
PROV667;Квал;x
PROV668;Каравана;x
PROV669;Азабад;x
PROV670;Абадж;x
PROV671;Песчаный Тракт;x
PROV672;Юг Хребта Костей;x
PROV673;Гирнайя;x
PROV674;Баясабад;x
PROV675;Центр Хребта Костей;x
PROV676;Тасбад;x
PROV677;Каменный Тракт;x
PROV678;Самириана;x
PROV679;Зарафана;x
PROV680;Каякаяная;x
PROV681;Север Хребта Костей;x
PROV682;Стальной Тракт;x
PROV683;Матакур;x
PROV684;Астаор;x
PROV685;Гунур;x
PROV686;Кразаадж;x
PROV687;Тхаллур;x
PROV688;Джхогур;x
PROV689;Зобрия;x
PROV690;Аногария;x
PROV691;Пестрые Долины;x
PROV692;Везенкрия;x
PROV693;Эглия;x
PROV694;Калиос;x
PROV695;Тархор;x
PROV696;Порбат;x
PROV697;Кешер;x
PROV698;Янгис;x
PROV699;Гхоназдхан;x
PROV700;Хаздан Но;x
PROV701;Кхидхан;x
PROV702;Рхаэш Джим;x
PROV703;Рхаэш Ос;x
PROV704;Рхаэш Джано;x
PROV705;Рхаэш Далфе;x
PROV706;Рхаэш Хранна;x
PROV707;Рхаэш Ламе;x
PROV708;Рхаэш Техин;x
PROV709;Ваэс Дотрак;x
PROV710;Рхаэш Эвет;x
PROV711;Рхаэш Чеяо;x
PROV712;Рхаэш Наджахея;x
PROV713;Олта Вижади;x
PROV714;Кразаадж Никв;x
PROV715;Рхаэш Карлинат;x
PROV716;Рхаэш Негвин;x
PROV717;Ваэс Тавакоф;x
PROV718;Ваэс Кразаадж;x
PROV719;Фарос;x
PROV720;Нефритовые Врата;x
PROV721;Баврашар;x
PROV722;Силекар;x
PROV723;Хеккон;x
PROV724;Нахос;x
PROV725;Заффалор;x
PROV726;Нур-Анджи;x
PROV727;Порт Морак;x
PROV728;Остров Слонов;x
PROV729;Вахар;x
PROV730;Понгар;x
PROV731;Драккар;x
PROV732;Пряные Острова;x
PROV733;Безымянный Остров;x
PROV734;Джабиин;x
PROV735;Мыс Виверны;x
PROV736;Горош;x
PROV737;Восточные Джунгли Соториоса;x
PROV738;Гоморош;x
PROV739;Вьяраш;x
PROV740;Йин;x
PROV741;Заметтар;x
PROV742;Топор;x
PROV743;Остров Черепов;x
PROV744;Остров Жаб;x
PROV745;Западные Джунгли Соториоса;x
PROV746;Мыс Василиска;x
PROV747;Гогоссос;x
PROV748;Остров Вшей;x
PROV749;Остров Смерти;x
PROV750;Остров Мух;x
PROV751;Змеиный Остров;x
PROV752;Ревущая Гора;x
PROV753;Коготь;x
PROV754;Остров Вина;x
PROV755;Гелиос;x
PROV756;Тирия;x
PROV757;Аквос Дхаэн;x
PROV758;Миса Фаэр;x
PROV759;Орос;x
PROV760;Риос;x
PROV761;Телирия;x
PROV762;Сарой;x
PROV763;Нефритовый Путь;x
PROV764;Каразуишан;x
PROV765;Инь;x
PROV766;Си-Цо;x
PROV767;Ксиань-Кви;x
PROV768;Кизуишан;x
PROV769;Фень-Куй;x
PROV770;Цзиньци;x
PROV771;Сарахай;x
PROV772;Квинь-Хи;x
PROV773;Зоаминь;x
PROV774;Цзинь-Ма;x
PROV775;Гайан;x
PROV776;Хень-Куй;x
PROV777;Линь-Кви;x
PROV778;Тайчен;x
PROV779;Цзинь-Кху;x
PROV780;Ти-Куй;x
PROV781;Шаогонг;x
PROV782;Телахай;x
PROV783;Нан-Ки;x
PROV784;Ван-Ти;x
PROV785;Фунг-Йи;x
PROV786;Ксинзихуа;x
PROV787;Остров Кнутов;x
PROV788;Марахай;x
PROV789;Мантикоровы Острова;x
PROV790;Туррани;x
PROV791;Лэнг Ма;x
PROV792;Лэнг Йи;x
PROV793;Ведьмин Остров;x
PROV794;Ультос;x
PROV795;Асшай;x
PROV796;Стигай;x
PROV797;Чаийса;x
PROV798;Шафрановые Земли;x
PROV799;Шафрановый Остров;x
PROV800;Улос;x
PROV801;Таэги;x
PROV802;Манпос;x
PROV803;Кумирай;x
PROV804;Горы Теней;x
PROV805;Сарабурай;x
PROV806;Теневой Порт;x
PROV807;Южные Рассветные Горы;x
PROV808;Каркоса;x
PROV809;Сокрытая Долина;x
PROV810;Сокрытый Берег;x
PROV811;Город Крылатых Людей;x
PROV812;Восточные Рассветные Горы;x
PROV813;Северные Рассветные Горы;x
PROV814;Города Бескровных Людей;x
PROV815;Иссохшая Бездна;x
PROV816;Костяной Город;x
PROV817;Южные Людоедские Пески;x
PROV818;К'Дат;x
PROV819;Земли Шрайков;x
PROV820;Пять Крепостей;x
PROV821;Рассветный Перевал;x
PROV822;Кровяное Болото;x
PROV823;Серая Пустошь;x
PROV824;Северные Людоедские Пески;x
PROV825;Россовный;x
PROV826;Мыс Моссов;x
PROV827;Моссовный Лес;x
PROV828;Гостов;x
PROV829;Чак Харадж;x
PROV830;Косов;x
PROV831;Малшен;x
PROV832;Джанфиала;x
PROV833;Мыс Сабра;x
PROV834;Тысяча Островов;x
PROV835;Нефер;x
PROV836;Вэрия;x
PROV837;Эмбонор;x
PROV838;Левиафанов Залив;x
PROV839;Воющий Мыс;x
PROV840;Воющий Залив;x
PROV841;Воющие Холмы;x
PROV842;Восточный Стальной Тракт;x
PROV843;Север Великого Песчаного Моря;x
PROV844;Великий Песчаный Тракт;x
PROV845;Юг Великого Песчаного Моря;x
PROV846;Йуэкихар;x
PROV847;Торговый Город;x
PROV848;Фурамай;x
PROV849;Высыхающее Море;x
PROV850;Аффажат;x
PROV851;Акковарат;x
PROV852;Квемосор;x
PROV853;Иткуль;x
PROV854;Дрекат;x
PROV855;Кровяной Берег;x
PROV856;Чомок;x
PROV857;Фешит;x
PROV858;Халашир;x
PROV859;Казга;x
PROV860;Атзалар;x
PROV861;Мелик;x
PROV862;Ланквой;x
PROV863;Москат;x
PROV864;Несолат;x
PROV865;Пикуй;x
PROV866;Занисси;x
PROV867;Рамасар;x
PROV868;Танкуй;x
PROV869;Охолат;x
PROV870;Хезиин;x
PROV871;Фуджин;x
PROV872;Велтор;x
PROV873;Атниквар;x
PROV874;Баоми;x
PROV875;Ксин;x
PROV876;Шафаан;x
PROV877;Залив Старый Якорь;x
PROV878;Центр Узкого Моря;x
PROV879;Студеное Море;x
PROV880;Замерзшие Озера;x
PROV881;Длинное Озеро;x
PROV882;Озеро Торрхена;x
PROV883;Родниковые Озера;x
PROV884;Божье Око;x
PROV885;Алое Озеро;x
PROV886;Восток Закатного Моря;x
PROV887;Восток Закатного Моря;x
PROV888;Юг Закатного Моря;x
PROV889;Дорнийское Побережье;x
PROV890;Восток Дорнийского Побережья;x
PROV891;Побережье Арбора;x
PROV892;Залив Быстроводной;x
PROV893;Пролив Редвина;x
PROV894;Центр Закатного Моря;x
PROV895;Шепотный Залив;x
PROV896;Садовое Побережье;x
PROV897;Щитовое Море;x
PROV898;Юг Закатного Моря;x
PROV899;Побережье Простора;x
PROV900;Залив Ланниспорта;x
PROV901;Центр Закатного Моря;x
PROV902;Центр Закатного Моря;x
PROV903;Мыс Пиршеств;x
PROV904;Ярмарочное Море;x
PROV905;Центр Закатного Моря;x
PROV906;Север Закатного Моря;x
PROV907;Север Закатного Моря;x
PROV908;Север Закатного Моря;x
PROV909;Север Закатного Моря;x
PROV910;Север Закатного Моря;x
PROV911;Запад Железных Островов;x
PROV912;Восток Железных Островов;x
PROV913;Залив Железных Людей;x
PROV914;Залив Перешейка;x
PROV915;Мыс Кракена;x
PROV916;Блистающий Залив;x
PROV917;Каменное Побережье;x
PROV918;Мыс Дракона;x
PROV919;Запад Ледового Залива;x
PROV920;Стылое Море;x
PROV921;Север Закатного Моря;x
PROV922;Перебитое Море;x
PROV923;Западные Ступени;x
PROV924;Море Эстермонт;x
PROV925;Восток Дорнийского Моря;x
PROV926;Мыс Дождей;x
PROV927;Залив Разбитых Кораблей;x
PROV928;Изумрудное Море;x
PROV929;Крюк Масси;x
PROV930;Глотка;x
PROV931;Восток Черноводного Залива;x
PROV932;Запад Черноводного Залива;x
PROV933;Море Драконьего Камня;x
PROV934;Мыс Клешня;x
PROV935;Восток Крабьего Залива;x
PROV936;Запад Крабьего Залива;x
PROV937;Рунный Мыс;x
PROV938;Побережье Долины;x
PROV939;Южные Персты;x
PROV940;Центральные Персты;x
PROV941;Северные Персты;x
PROV942;Восточные Челюсти;x
PROV943;Западные Челюсти;x
PROV944;Белый Залив;x
PROV945;Центр Узкого Моря;x
PROV946;Север Узкого Моря;x
PROV947;Баранье Побережье;x
PROV948;Вдовий Мыс;x
PROV949;Море Скорби;x
PROV950;Залив Кар;x
PROV951;Север Узкого Моря;x
PROV952;Север Узкого Моря;x
PROV953;Юг Тюленьего Залива;x
PROV954;Север Тюленьего Залива;x
PROV955;Студеное Море;x
PROV956;Студеное Море;x
PROV957;Студеное Море;x
PROV958;Мандер;x
PROV959;Низ Зеленокровной;x
PROV960;Восток Ледового Залива;x
PROV961;Соленое Копье;x
PROV962;Центр Закатного Моря;x
PROV963;Восточные Ступени;x
PROV964;Побережье Тироша;x
PROV965;Запад Мирского Моря;x
PROV966;Побережье Равнин;x
PROV967;Пентошийский Залив;x
PROV968;Южное Побережье Андалоса;x
PROV969;Северное Побережье Андалоса;x
PROV970;Браавосийское Побережье;x
PROV971;Мыс Браавоса;x
PROV972;Север Узкого Моря;x
PROV973;Лоратийский Залив;x
PROV974;Лоратийское Море;x
PROV975;Юго-Запад Студеного Моря;x
PROV976;Побережье Норвоса;x
PROV977;Восток Горькотравного Залива;x
PROV978;Запад Горькотравного Залива;x
PROV979;Мыс Морош;x
PROV980;Залив Сарис;x
PROV981;Омберское Море;x
PROV982;Бивневый Залив;x
PROV983;Запад Ифекевронского Моря;x
PROV984;Восток Ифекевронского Моря;x
PROV985;Китовый Залив;x
PROV986;Побережье Джогвин;x
PROV987;Юго-Запад Иббенийского Берега;x
PROV988;Северо-Запад Иббенийского Берега;x
PROV989;Север Иббенийского Берега;x
PROV990;Восток Иббенийского Берега;x
PROV991;Восток Студеного Моря;x
PROV992;Юг Студеного Моря;x
PROV993;Юг Студеного Моря;x
PROV994;Юго-Запад Студеного Моря;x
PROV995;Центр Студеного Моря;x
PROV996;Центр Студеного Моря;x
PROV997;Центр Студеного Моря;x
PROV998;Центр Студеного Моря;x
PROV999;Центр Студеного Моря;x
PROV1000;Восток Студеного Моря;x
PROV1001;Восток Мирского Моря;x
PROV1002;Центр Узкого Моря;x
PROV1003;Лисенийское Побережье;x
PROV1004;Апельсиновое Море;x
PROV1005;Залив Волантиса;x
PROV1006;Ройна;x
PROV1007;Запад Валирийского Моря;x
PROV1008;Валирийский Пролив;x
PROV1009;Тириенский Пролив;x
PROV1010;Дымное Море;x
PROV1011;Юг Валирийского Моря;x
PROV1012;Запад Горестного Залива;x
PROV1013;Восток Горестного Залива;x
PROV1014;Запад Залива Работорговцев;x
PROV1015;Восток Залива Работорговцев;x
PROV1016;Гискарский Пролив;x
PROV1017;Побережье Гискара;x
PROV1018;Багряное Море;x
PROV1019;Нефритовые Врата;x
PROV1020;Ночные Долины;x
PROV1021;Азабадское Море;x
PROV1022;Моракийское Побережье;x
PROV1023;Запад Нефритового Моря;x
PROV1024;Первейший лес;x
PROV1025;Пряной Пролив;x
PROV1026;Море Соториоса;x
PROV1027;Лестница Великанов;x
PROV1028;Побережье Фароса;x
PROV1029;Пряной Пролив;x
PROV1030;Вольная Долина;x
PROV1031;Великая Ледяная Река;x
PROV1032;Мыс Виверны;x
PROV1033;Восточное Побережье Соториоса;x
PROV1034;Центральное Побережье Соториоса;x
PROV1035;Дельта Заметтара;x
PROV1036;Залив Гогоссоса;x
PROV1037;Пролив Василиска;x
PROV1038;Восток Моря Василиска;x
PROV1039;Центр Моря Василиска;x
PROV1040;Запад Моря Василиска;x
PROV1041;Западное Побережье Соториоса;x
PROV1042;Побережье Наата;x
PROV1043;Центр Летнего Моря;x
PROV1044;Центр Летнего Моря;x
PROV1045;Восток Летнего Моря;x
PROV1046;Восток Летнего Моря;x
PROV1047;Восток Летнего Моря;x
PROV1048;Центр Летнего Моря;x
PROV1049;Запад Летнего Моря;x
PROV1050;Запад Летнего Моря;x
PROV1051;Запад Летнего Моря;x
PROV1052;Каменное Море;x
PROV1053;Море Женщин;x
PROV1054;Лотосовое Побережье;x
PROV1055;Улыбчивое Море;x
PROV1056;Море Любви;x
PROV1057;Индиговый Пролив;x
PROV1058;Пролив Молуу;x
PROV1059;Восточный Берег Омбору;x
PROV1060;Западное Побережье Джалы;x
PROV1061;Бухта Попугаев;x
PROV1062;Золотая Бухта;x
PROV1063;Мыс Ящера;x
PROV1064;Запад Летнего Моря;x
PROV1065;Восточное Побережье Джалы;x
PROV1066;Юг Летнего Моря;x
PROV1067;Восток Закатного Моря;x
PROV1068;Поющее Море;x
PROV1069;Юго-Восток Закатного Моря;x
PROV1070;Юго-Восток Закатного Моря;x
PROV1071;Юго-Восток Закатного Моря;x
PROV1072;Юго-Восток Закатного Моря;x
PROV1073;Юг Закатного Моря;x
PROV1074;Юг Закатного Моря;x
PROV1075;Юг Закатного Моря;x
PROV1076;Море Вздохов;x
PROV1077;Чрево Мира;x
PROV1078;Ядовитое Море;x
PROV1079;Кинжальное Озеро;x
PROV1080;Темноводная;x
PROV1081;Нойна;x
PROV1082;Запад Дорнийского Моря;x
PROV1083;Мандер;x
PROV1084;Верховья Мандера;x
PROV1085;Черноводная;x
PROV1086;Верховья Черноводной;x
PROV1087;Божья Река;x
PROV1088;Трезубец;x
PROV1089;Синий Зубец;x
PROV1090;Верховья Синего Зубца;x
PROV1091;Зеленый Зубец;x
PROV1092;Верховья Зеленого Зубца;x
PROV1093;Красный Зубец;x
PROV1094;Верховья Красного Зубца;x
PROV1095;Нефритовое Побережье;x
PROV1096;Море Кнутов;x
PROV1097;Западный Уступ;x
PROV1098;Юг Нефритового Моря;x
PROV1099;Берег Марахая;x
PROV1100;Центр Нефритового Моря;x
PROV1101;Побережье Йина;x
PROV1102;Пролив Лэнг;x
PROV1103;Залив Цзиньци;x
PROV1104;Восточное Побережье Лэнг;x
PROV1105;Побережье Тени;x
PROV1106;Залив Лэнг;x
PROV1107;Центр Нефритового Моря;x
PROV1108;Центр Нефритового Моря;x
PROV1109;Мантикорово Море;x
PROV1110;Южное Побережье Лэнг;x
PROV1111;Побережье Асшая;x
PROV1112;Юг Нефритового Моря;x
PROV1113;Шафрановый Пролив;x
PROV1114;Шафрановое Море;x
PROV1115;Залив Улос;x
PROV1116;Воющее Побережье;x
PROV1117;Левиафанов Залив;x
PROV1118;Запад Тысячи Островов;x
PROV1119;Восток Тысячи Островов;x
PROV1120;Залив Нефера;x
PROV1121;Побережье Моссовии;x
PROV1122;Восток Студеного Моря;x
PROV1123;Восток Студеного Моря;x
PROV1124;Восток Студеного Моря;x
PROV1125;Восток Студеного Моря;x
PROV1126;Восток Студеного Моря;x
PROV1127;Сокрытое Море;x
PROV1128;Кровяное Море;x
PROV1129;Высыхающее Море;x
PROV1130;Серебряное Море;x
PROV1131;Сандерленд;x
PROV1132;Морленд;x
PROV1133;Лорассион;x
PROV1134;Дельта Сарны;x
PROV1135;Западная Дельта Сарны;x
PROV1136;Восточная Дельта Сарны;x
PROV1137;Нижняя Сарна;x
PROV1138;Сарна;x
PROV1139;Нижняя Малая Ройна;x
PROV1140;Верхняя Малая Ройна;x
PROV1141;Зеленокровная;x
PROV1142;Вейт;x
PROV1143;Плеть;x
PROV1144;Залив Сигарда;x
PROV1145;Приветная Бухта;x
PROV1146;Ленг Ксотли;x
PROV1147;Седмеллуки;x
PROV1148;Дендррах;x
PROV1149;Верхняя Сарна;x
PROV1150;Верхняя Сарна;x
PROV1151;Холм Дромон;x
PROV1152;Бианорос;x
PROV1153;Пирис;x
PROV1154;Погибельная Дорога;x
PROV1155;Урнебирия;x
PROV1156;Драконьи Поля;x
PROV1157;Лизтарис;x
PROV1158;Мраморный Перевал;x
PROV1159;Побережье Эленар;x
PROV1160;Дорога Бленон;x
PROV1161;Холмы Нолос;x
PROV1162;Иедрарис;x
PROV1163;Руклонос;x
PROV1164;Клиос;x
PROV1165;Молрис;x
PROV1166;Тикунемио;x
PROV1167;Порт Вейдар;x
PROV1168;Лентун;x
PROV1169;Ракирос;x
PROV1170;Кастараия;x
PROV1171;Долины Геленка;x
PROV1172;Игхос;x
PROV1173;Земли Отор;x
PROV1174;Дорога Долгого Лета;x
PROV1175;Ментис;x
PROV1176;Дейрвос;x
PROV1177;Порт Орбар;x
PROV1178;Джейдос;x
PROV1179;Бухта Лопор;x
PROV1180;Путь Мелиор;x
PROV1181;Зоклос;x
PROV1182;Ублезия;x
PROV1183;Келбар;x
PROV1184;Эгрис;x
PROV1185;Кримброз;x
PROV1186;Дорога Огня;x
PROV1187;Изулаперзис;x
PROV1188;Элиэперзис;x
PROV1189;Квелдперзис;x
PROV1190;Вестперзис;x
PROV1191;Берег Урнеб;x
PROV1192;Нукирия;x
PROV1193;Долина Буздари;x
PROV1194;Элинис;x
PROV1195;Илвонис;x
PROV1196;Узкотенье;x
PROV1197;Железная Роща;x
PROV1198;Неттлмонт;x
PROV1199;Скейн;x
