#CODE;RUSSIAN;x
MENU_BAR_GAME_CONVERT;–≠–∫—Å–ø–æ—Ä—Ç–∏—Ä–æ–≤–∞—Ç—å –∏–≥—Ä—É;x
MENU_BAR_GAME_CONVERT_DEL;–≠–∫—Å–ø–æ—Ä—Ç –∏–≥—Ä—ã –≤ EU4;x
BARBER_TOOLTIP;¬ßY–ö —Ü–∏—Ä—é–ª—å–Ω–∏–∫—É¬ß!;x
RENAME_TITLE_TOOLTIP;–ü–µ—Ä–µ–∏–º–µ–Ω–æ–≤–∞—Ç—å —Ç–∏—Ç—É–ª;x
CUSTOMIZE_HOUSE_TOOLTIP;–†–µ–¥–∞–∫—Ç–∏—Ä–æ–≤–∞—Ç—å –¥–∏–Ω–∞—Å—Ç–∏—é;x
CUSTOMIZE_HOUSE_TOOLTIP_DISABLED;–ß—Ç–æ–±—ã —Ä–µ–¥–∞–∫—Ç–∏—Ä–æ–≤–∞—Ç—å —ç—Ç—É –¥–∏–Ω–∞—Å—Ç–∏—é, –í—ã –¥–æ–ª–∂–Ω—ã –±—ã—Ç—å –≤–µ—Ä—Ö–æ–≤–Ω—ã–º —Å—é–∑–µ—Ä–µ–Ω–æ–º –≤—Å–µ—Ö –µ—ë —á–ª–µ–Ω–æ–≤.;x
c_lappland_adj;–°–∞–∞–º[];x
RENAME;–ü–µ—Ä–µ–∏–º–µ–Ω–æ–≤–∞—Ç—å —Ç–∏—Ç—É–ª ;x
NAME;–ù–∞–∑–≤–∞–Ω–∏–µ;x
ADJECTIVE;–ü—Ä–∏–ª–∞–≥.;x
POSSIBLE_PLOT_POWER;–ü–æ—Ç–µ–Ω—Ü–∏–∞–ª—å–Ω–∞—è —Å–∏–ª–∞ –∑–∞–≥–æ–≤–æ—Ä–∞;x
AUTO_INVITE_PLOTTERS;–ü—Ä–∏–≥–ª–∞—à–∞—Ç—å –∑–∞–≥–æ–≤–æ—Ä—â–∏–∫–æ–≤ –∞–≤—Ç–æ–º–∞—Ç–∏—á–µ—Å–∫–∏;x
AUTO_STOP_PLOTS;–ü—Ä–µ–∫—Ä–∞—â–∞—Ç—å –≤—Å–µ –∑–∞–≥–æ–≤–æ—Ä—ã;x
AUTO_STOPPED_PLOT_SETUP;–ó–∞–≥–æ–≤–æ—Ä —Ä–∞—Å–∫—Ä—ã—Ç;x
AUTO_STOPPED_PLOT_LOG;¬ßY$PLOTTER$¬ß!$PLOTTERJOB$ —Ö–æ—á–µ—Ç ¬ßY$PLOTNAME$¬ß!.;x
AUTO_STOPPED_PLOT_LETTER;–ú–Ω–µ —É–¥–∞–ª–æ—Å—å —Ä–∞—Å–∫—Ä—ã—Ç—å –∑–∞–≥–æ–≤–æ—Ä, –≤ –∫–æ—Ç–æ—Ä–æ–º $PLOTTER$ –ø—ã—Ç–∞–µ—Ç—Å—è $PLOTNAME$. –û—Ç–ø—Ä–∞–≤–ª—è—é —ç–º–∏—Å—Å–∞—Ä–∞ —Å —Ç—Ä–µ–±–æ–≤–∞–Ω–∏–µ–º –ø—Ä–µ–∫—Ä–∞—Ç—å —ç—Ç–æ.\n\n–í–∞—à —Å–∫—Ä–æ–º–Ω—ã–π —Ç–∞–π–Ω—ã–π —Å–æ–≤–µ—Ç–Ω–∏–∫,\n$SPYMASTER$;x
AUTO_STOP_PLOT_START_SETUP;–¢–∞–π–Ω—ã–π —Å–æ–≤–µ—Ç–Ω–∏–∫ –æ—Ç–ø—Ä–∞–≤–ª—è–µ—Ç –ø–æ—Å–ª–∞–Ω–Ω–∏–∫–æ–≤;x
AUTO_STOP_PLOT_START_LOG;$SPYMASTER$ –æ—Ç–ø—Ä–∞–≤–∏–ª[From.GetEndA] –ø–æ—Å–ª–∞–Ω–Ω–∏–∫–æ–≤, —á—Ç–æ–±—ã –æ—Å—Ç–∞–Ω–æ–≤–∏—Ç—å –∑–∞–≥–æ–≤–æ—Ä—â–∏–∫–æ–≤;x
AUTO_STOP_PLOT_START_LETTER;–≠–º–∏—Å—Å–∞—Ä—ã —Å —Ç—Ä–µ–±–æ–≤–∞–Ω–∏–µ–º –ø—Ä–µ–∫—Ä–∞—Ç–∏—Ç—å –∑–∞–≥–æ–≤–æ—Ä –æ—Ç–ø—Ä–∞–≤–ª–µ–Ω—ã –∫–æ –≤—Å–µ–º –∏–∑–≤–µ—Å—Ç–Ω—ã–º –µ–≥–æ —É—á–∞—Å—Ç–Ω–∏–∫–∞–º.\n\n–í–∞—à —Å–∫—Ä–æ–º–Ω—ã–π —Ç–∞–π–Ω—ã–π —Å–æ–≤–µ—Ç–Ω–∏–∫,\n$SPYMASTER$;x
siege_leader;–õ–∏–¥–µ—Ä –æ—Å–∞–¥—ã;x
siege_leader_desc;–≠—Ç[_–æ—Ç] [__–ø–µ—Ä—Å–æ–Ω–∞–∂] —É–º–µ–µ—Ç –≤–µ—Å—Ç–∏ –æ—Å–∞–¥—É.;x
SIEGE;–û—Å–∞–¥–∞;x
ADD_IP;–î–æ–±–∞–≤–∏—Ç—å IP-–∞–¥—Ä–µ—Å;x
REMOVE_IP;–£–¥–∞–ª–∏—Ç—å IP-–∞–¥—Ä–µ—Å;x
PENDING_PLOT_REQUEST;–û–∂–∏–¥–∞–Ω–∏–µ –æ—Ç–≤–µ—Ç–∞.;x
ACCEPTED_PLOT_REQUEST;–ü–æ–¥–¥–µ—Ä–∂–∏–≤–∞–µ—Ç –∑–∞–≥–æ–≤–æ—Ä.;x
LOADING_TIP_52;–ß—Ç–æ–±—ã –≤—ã–¥–µ–ª–∏—Ç—å —Ç–æ–ª—å–∫–æ —Ñ–ª–æ—Ç, —É–¥–µ—Ä–∂–∏–≤–∞–π—Ç–µ ALT.;x
EXIT;–í—ã—Ö–æ–¥;x
CUT;–ì–æ—Ç–æ–≤–æ!;x
STYLE;–ù–∞–ø—Ä–∞–≤–ª–µ–Ω–∏–µ;x
CAN_PERSUADE_TO_JOIN_PLOT;–ú–æ–∂–µ—Ç –ø—Ä–∏—Å–æ–µ–¥–∏–Ω–∏—Ç—å—Å—è –∑–∞ –Ω–µ–∫–æ—Ç–æ—Ä—É—é —Å—É–º–º—É –∑–æ–ª–æ—Ç–∞...;x
city_job_chancellor_arabic;–í–µ–ª–∏–∫–∏–π –≤–∏–∑–∏—Ä—å;x
city_job_chancellor_iranian;–í–µ–ª–∏–∫–∏–π –≤–∏–∑–∏—Ä—å;x
city_job_chancellor_turkish;–í–µ–ª–∏–∫–∏–π –≤–∏–∑–∏—Ä—å;x
city_job_chancellor_west_african;–í–µ–ª–∏–∫–∏–π –≤–∏–∑–∏—Ä—å;x
city_job_chancellor_greek;–ú–∞–≥–∏—Å—Ç—Ä;x
city_job_spymaster_greek;–ú–∏—Å—Ç–∏–∫;x
city_job_treasurer_greek;–°–∞–∫–µ–ª–ª–∞—Ä–∏–π;x
city_job_chancellor_aztec;–°–∏—É–∞–∫–æ–∞—Ç–ª—å;x
city_job_treasurer_aztec;–ü–µ—Ç–ª–∞–∫–∞–ª—å–∫–∞—Ç–ª—å;x
city_job_spiritual_aztec;–ú–µ—à–∏–∫–∞—Ç–ª—å —Ç–µ–æ—É–∞—Ü–∏–Ω;x #–°–∞–∞–≥—É–Ω;x
city_job_spymaster_aztec;–¢–∏–ª–ª–∞–Ω–∫–∞–ª–∫–∏;x
city_job_marshal_aztec;–¢–ª–∞–∫–∞—Ç–µ–∫–∫–∞—Ç–ª—å;x
city_job_chancellor_zoroastrian_group;–ê—Å—Ç–∞–±–∞–¥—Ö;x
city_job_treasurer_zoroastrian_group;–î–∞—Ä–∏–∫-–ü–∞—Ç;x
city_job_marshal_zoroastrian_group;–≠—Ä–∞–Ω—Å–∫–∏–π —Å–ø–∞—Ö–±–µ–¥;x
city_job_spiritual_zoroastrian_group;–ú–æ–±–µ–¥;x
city_job_spiritual_zoroastrian;–ú–æ–±–µ–¥;x
city_job_spiritual_christian;–ö–∞–ø–µ–ª–ª–∞–Ω;x
city_job_spiritual_orthodox;–≠–∫–∫–ª–µ–∑–∏–∞—Ä—Ö;x
city_job_spiritual_muslim;–ú—É—Ñ—Ç–∏–π;x #–ò–º–∞–º;x
city_job_spiritual_shiite;–ú—É—Ñ—Ç–∏–π;x #–ú—É–ª–ª–∞;x
city_job_spiritual_pagan_group;–ì–ª–∞–≤–Ω—ã–π –ø—Ä–æ—Ä–∏—Ü–∞—Ç–µ–ª—å;x
city_job_spiritual_pagan;–ü—Ä–æ—Ä–∏—Ü–∞—Ç–µ–ª—å;x
city_job_spiritual_baltic_pagan;–ü—Ä–æ—Ä–∏—Ü–∞—Ç–µ–ª—å;x
city_job_spiritual_baltic_pagan_reformed;–ü—Ä–æ—Ä–∏—Ü–∞—Ç–µ–ª—å;x
city_job_spiritual_finnish_pagan;–ü—Ä–æ—Ä–∏—Ü–∞—Ç–µ–ª—å;x
city_job_spiritual_finnish_pagan_reformed;–ü—Ä–æ—Ä–∏—Ü–∞—Ç–µ–ª—å;x
city_job_spiritual_norse_pagan_reformed;–ü—Ä–æ–≤–∏–¥–µ—Ü;x
city_job_spiritual_norse_pagan;–ü—Ä–æ–≤–∏–¥–µ—Ü;x
city_job_spiritual_female_norse_pagan_reformed;–ü—Ä–æ–≤–∏–¥–∏—Ü–∞;x
city_job_spiritual_female_norse_pagan;–ü—Ä–æ–≤–∏–¥–∏—Ü–∞;x
city_job_spiritual_slavic_pagan;–í–æ–ª—Ö–≤;x #–ü—Ä–æ—Ä–∏—Ü–∞—Ç–µ–ª—å;x
city_job_spiritual_slavic_pagan_reformed;–í–æ–ª—Ö–≤;x #–ü—Ä–æ—Ä–∏—Ü–∞—Ç–µ–ª—å;x
city_job_spiritual_tengri_pagan;–ü—Ä–æ—Ä–∏—Ü–∞—Ç–µ–ª—å;x
city_job_spiritual_tengri_pagan_reformed;–ü—Ä–æ—Ä–∏—Ü–∞—Ç–µ–ª—å;x
EU4ConverterDLC;EU-IV Converter;x
CustomizationPackDLC;Customization Pack;x
